#
# A fatal error has been detected by the Java Runtime Environment:
#
#  EXCEPTION_ACCESS_VIOLATION (0xc0000005) at pc=0x00007ffc30917c68, pid=1640, tid=11880
#
# JRE version: OpenJDK Runtime Environment Temurin-21.0.4+7 (21.0.4+7) (build 21.0.4+7-LTS)
# Java VM: OpenJDK 64-Bit Server VM Temurin-21.0.4+7 (21.0.4+7-LTS, mixed mode, sharing, tiered, compressed oops, compressed class ptrs, g1 gc, windows-amd64)
# Problematic frame:
# V  [jvm.dll+0x357c68]
#
# No core dump will be written. Minidumps are not enabled by default on client versions of Windows
#
# If you would like to submit a bug report, please visit:
#   https://github.com/adoptium/adoptium-support/issues
#

---------------  S U M M A R Y ------------

Command Line: --add-opens=java.base/java.lang=ALL-UNNAMED --add-opens=java.base/java.lang.invoke=ALL-UNNAMED --add-opens=java.base/java.util=ALL-UNNAMED --add-opens=java.prefs/java.util.prefs=ALL-UNNAMED --add-exports=jdk.compiler/com.sun.tools.javac.api=ALL-UNNAMED --add-exports=jdk.compiler/com.sun.tools.javac.util=ALL-UNNAMED --add-opens=java.base/java.nio.charset=ALL-UNNAMED --add-opens=java.base/java.net=ALL-UNNAMED --add-opens=java.base/java.util.concurrent=ALL-UNNAMED --add-opens=java.base/java.util.concurrent.atomic=ALL-UNNAMED --add-opens=java.xml/javax.xml.namespace=ALL-UNNAMED --add-opens=java.base/java.time=ALL-UNNAMED -Xmx2048m -Dfile.encoding=UTF-8 -Duser.country=CN -Duser.language=zh -Duser.variant -javaagent:I:\Allmusic\wrapper\dists\gradle-9.5.0-bin\bvnork1r7n8i6kp5cnkibsc9q\gradle-9.5.0\lib\agents\gradle-instrumentation-agent-9.5.0.jar org.gradle.launcher.daemon.bootstrap.GradleDaemon 9.5.0

Host: Intel(R) Core(TM) i7-3632QM CPU @ 2.20GHz, 8 cores, 15G,  Windows 10 , 64 bit Build 19041 (10.0.19041.5915)
Time: Sun Aug 16 15:34:16 2026  Windows 10 , 64 bit Build 19041 (10.0.19041.5915) elapsed time: 1153.191874 seconds (0d 0h 19m 13s)

---------------  T H R E A D  ---------------

Current thread (0x0000021e7ad3d100):  WorkerThread "GC Thread#1"    [id=11880, stack(0x00000071fd800000,0x00000071fd900000) (1024K)]

Stack: [0x00000071fd800000,0x00000071fd900000],  sp=0x00000071fd8ff8e0,  free space=1022k
Native frames: (J=compiled Java code, j=interpreted, Vv=VM code, C=native code)
V  [jvm.dll+0x357c68]
V  [jvm.dll+0x3578fe]
V  [jvm.dll+0x36b9a9]
V  [jvm.dll+0x36c06a]
V  [jvm.dll+0x36c157]
V  [jvm.dll+0x36cfeb]
V  [jvm.dll+0x8d3417]
V  [jvm.dll+0x84f17b]
V  [jvm.dll+0x6ca3fd]
C  [ucrtbase.dll+0x21bb2]
C  [KERNEL32.DLL+0x17374]
C  [ntdll.dll+0x4cc91]


siginfo: EXCEPTION_ACCESS_VIOLATION (0xc0000005), reading address 0x0000000000100000


Registers:
RAX=0x0000000000000000, RBX=0x000000008a1b51d4, RCX=0x0000000000000014, RDX=0x0000000000000000
RSP=0x00000071fd8ff8e0, RBP=0x0000000000002e29, RSI=0x0000021e58cd2ee0, RDI=0x0000021e48d8f330
R8 =0x0000000000100000, R9 =0x000000008988ccd8, R10=0x0000000000000010, R11=0x0000000000000001
R12=0x0000000000000003, R13=0x0000021e48d8f330, R14=0x0000000000000000, R15=0x0000000000000000
RIP=0x00007ffc30917c68, EFLAGS=0x0000000000010246


Register to memory mapping:

RAX=0x0 is null
RBX=0x000000008a1b51d4 is pointing into object: java.util.concurrent.ConcurrentHashMap 
{0x000000008a1b5198} - klass: 'java/util/concurrent/ConcurrentHashMap'
 - ---- fields (total size 8 words):
 - transient 'keySet' 'Ljava/util/Set;' @12  null (0x00000000)
 - transient 'values' 'Ljava/util/Collection;' @16  null (0x00000000)
 - private volatile transient 'sizeCtl' 'I' @20  12 (0x0000000c)
 - private volatile transient 'baseCount' 'J' @24  1 (0x0000000000000001)
 - private volatile transient 'transferIndex' 'I' @32  0 (0x00000000)
 - private volatile transient 'cellsBusy' 'I' @36  0 (0x00000000)
 - volatile transient 'table' '[Ljava/util/concurrent/ConcurrentHashMap$Node;' @40  a 'java/util/concurrent/ConcurrentHashMap$Node'[16] {0x000000008a1b51d8} (0x8a1b51d8)
 - private volatile transient 'nextTable' '[Ljava/util/concurrent/ConcurrentHashMap$Node;' @44  null (0x00000000)
 - private volatile transient 'counterCells' '[Ljava/util/concurrent/ConcurrentHashMap$CounterCell;' @48  null (0x00000000)
 - private transient 'keySet' 'Ljava/util/concurrent/ConcurrentHashMap$KeySetView;' @52  null (0x00000000)
 - private transient 'values' 'Ljava/util/concurrent/ConcurrentHashMap$ValuesView;' @56  null (0x00000000)
 - private transient 'entrySet' 'Ljava/util/concurrent/ConcurrentHashMap$EntrySetView;' @60  
[error occurred during error reporting (printing register info), id 0xc0000005, EXCEPTION_ACCESS_VIOLATION (0xc0000005) at pc=0x00007ffc30c776ed]
RCX=0x0000000000000014 is an unknown value
RDX=0x0 is null
RSP=0x00000071fd8ff8e0 points into unknown readable memory: 0x000000008b310000 | 00 00 31 8b 00 00 00 00
RBP=0x0000000000002e29 is an unknown value
RSI=0x0000021e58cd2ee0 points into unknown readable memory: 0x0000000000000000 | 00 00 00 00 00 00 00 00
RDI=0x0000021e48d8f330 points into unknown readable memory: 0x00007ffc30fe5a88 | 88 5a fe 30 fc 7f 00 00
R8 =0x0000000000100000 is an unknown value
R9 =0x000000008988ccd8 is an oop: org.gradle.api.internal.artifacts.result.DefaultResolvedVariantResult 
{0x000000008988ccd8} - klass: 'org/gradle/api/internal/artifacts/result/DefaultResolvedVariantResult'
 - ---- fields (total size 5 words):
 - private final 'hashCode' 'I' @12  -491892616 (0xe2ae5078)
 - private final 'owner' 'Lorg/gradle/api/artifacts/component/ComponentIdentifier;' @16  a 'org/gradle/internal/component/external/model/DefaultModuleComponentIdentifier'{0x000000008988cd00} (0x8988cd00)
 - private final 'displayName' 'Lorg/gradle/internal/DisplayName;' @20  a 'org/gradle/internal/Describables$FixedDescribable'{0x000000008988cd30} (0x8988cd30)
 - private final 'attributes' 'Lorg/gradle/api/attributes/AttributeContainer;' @24  a 'org/gradle/api/internal/attributes/DefaultImmutableAttributesContainer'{0x0000000088c45620} (0x88c45620)
 - private final 'capabilities' 'Lcom/google/common/collect/ImmutableList;' @28  a 'com/google/common/collect/SingletonImmutableList'{0x000000008988cd40} (0x8988cd40)
 - private final 'externalVariant' 'Lorg/gradle/api/artifacts/result/ResolvedVariantResult;' @32  null (0x00000000)
R10=0x0000000000000010 is an unknown value
R11=0x0000000000000001 is an unknown value
R12=0x0000000000000003 is an unknown value
R13=0x0000021e48d8f330 points into unknown readable memory: 0x00007ffc30fe5a88 | 88 5a fe 30 fc 7f 00 00
R14=0x0 is null
R15=0x0 is null

Top of Stack: (sp=0x00000071fd8ff8e0)
0x00000071fd8ff8e0:   000000008b310000 0000000000000100
0x00000071fd8ff8f0:   0000021e00000000 0000000000000018
0x00000071fd8ff900:   0000021e75a738b0 0000021e7af7cc50
0x00000071fd8ff910:   0000000088e581bc 0000021e56cbb0b0
0x00000071fd8ff920:   00000071fd8ff9c0 00007ffc309178fe
0x00000071fd8ff930:   0000021e48d80000 0000021e48d8f330
0x00000071fd8ff940:   0000021e00000000 0000000000000018
0x00000071fd8ff950:   00000071fd8ffa30 00007ffc3092b9a9
0x00000071fd8ff960:   0000000088e581bd 0000000000000006
0x00000071fd8ff970:   0000000000000000 00000071fd8ffa30
0x00000071fd8ff980:   00000071fcbff060 00007ffc30c84a5f
0x00000071fd8ff990:   0000000000000000 0000000000000000
0x00000071fd8ff9a0:   0000021e7a000000 00007ffc309226df
0x00000071fd8ff9b0:   0000021e7af7cc50 00007ffc30e1a477
0x00000071fd8ff9c0:   0000021e75a738b0 0000021e7af7cc50
0x00000071fd8ff9d0:   00000000000003d8 0000021e75a73c98
0x00000071fd8ff9e0:   0000000000000006 00007ffc3092c06a
0x00000071fd8ff9f0:   0000021e48d8f330 0000000000000014
0x00000071fd8ffa00:   00000071fcbff060 0000021e58cb3e20
0x00000071fd8ffa10:   0000001200000010 0000000000000006
0x00000071fd8ffa20:   00000002af56d5db 0000024d56440e97
0x00000071fd8ffa30:   00007ffc30fe82f8 0000000000000000
0x00000071fd8ffa40:   0000000000000000 0000000000000000
0x00000071fd8ffa50:   0000021e58cc9b00 0000021e48d8f330
0x00000071fd8ffa60:   0000021e56cbb0b0 00000071fcbff090
0x00000071fd8ffa70:   0000000000000014 0000000000000000
0x00000071fd8ffa80:   0000000000000000 0000000000000000
0x00000071fd8ffa90:   0000021e75a738c0 00007ffc3092c157
0x00000071fd8ffaa0:   0000021e48d8f330 0000000000000006
0x00000071fd8ffab0:   0000021e7acf6b70 00000071fcbff060
0x00000071fd8ffac0:   0000021e00000016 0000007100000014
0x00000071fd8ffad0:   00000071fcbff060 00007ffc3092cfeb 

Instructions: (pc=0x00007ffc30917c68)
0x00007ffc30917b68:   ff 48 8d 53 fe 48 8b cf e8 9b f3 ff ff e9 d6 fd
0x00007ffc30917b78:   ff ff 66 0f 1f 44 00 00 48 8b 77 10 8b ae 80 00
0x00007ffc30917b88:   00 00 8b cd 8b 86 00 01 00 00 2b c8 81 e1 ff ff
0x00007ffc30917b98:   01 00 41 3b ce 0f 86 48 02 00 00 ff cd 81 e5 ff
0x00007ffc30917ba8:   ff 01 00 89 ae 80 00 00 00 e8 3a 51 36 00 90 8b
0x00007ffc30917bb8:   d5 8b 86 00 01 00 00 8b cd 48 8b 9e 80 01 00 00
0x00007ffc30917bc8:   2b c8 81 e1 ff ff 01 00 81 f9 ff ff 01 00 48 8b
0x00007ffc30917bd8:   1c eb 41 0f 44 cf 85 c9 75 3d 90 89 6c 24 50 48
0x00007ffc30917be8:   8b 86 00 01 00 00 48 8b c8 48 c1 e9 20 ff c1 89
0x00007ffc30917bf8:   4c 24 54 3b e8 0f 85 d6 01 00 00 48 c1 e1 20 48
0x00007ffc30917c08:   0b ca f0 48 0f b1 8e 00 01 00 00 0f 85 c0 01 00
0x00007ffc30917c18:   00 8b 86 00 01 00 00 f6 c3 01 0f 84 de 00 00 00
0x00007ffc30917c28:   8b 0d 7a a3 8c 00 48 ff cb 48 8b 57 08 44 8b 03
0x00007ffc30917c38:   49 d3 e0 8b 8a b0 05 00 00 4c 03 05 58 a3 8c 00
0x00007ffc30917c48:   48 8b 92 a0 05 00 00 49 8b c0 48 d3 e8 0f b7 14
0x00007ffc30917c58:   42 0f b7 c2 66 c1 e8 08 84 c0 0f 88 18 ff ff ff
0x00007ffc30917c68:   4d 8b 08 41 0f b6 c1 24 03 3c 03 75 06 49 83 e1
0x00007ffc30917c78:   fc eb 0b 48 8b cf e8 8d ed ff ff 4c 8b c8 8b 0d
0x00007ffc30917c88:   1c a3 8c 00 49 8b d1 48 2b 15 0a a3 8c 00 48 d3
0x00007ffc30917c98:   ea 89 13 49 8b d1 8b 0d 2c 76 93 00 48 33 d3 48
0x00007ffc30917ca8:   d3 ea 48 85 d2 0f 84 cd fe ff ff 48 8b 47 08 4c
0x00007ffc30917cb8:   8b 80 a0 05 00 00 8b 88 b0 05 00 00 48 8b c3 48
0x00007ffc30917cc8:   d3 e8 41 0f b7 14 40 66 c1 ea 08 80 fa fe 0f 84
0x00007ffc30917cd8:   a4 fe ff ff 49 8b d1 48 d3 ea 41 0f b7 14 50 0f
0x00007ffc30917ce8:   b7 c2 66 c1 e8 08 84 c0 0f 89 8a fe ff ff 4c 8b
0x00007ffc30917cf8:   c3 48 8b cf e8 9f d1 ff ff e9 7a fe ff ff f6 c3
0x00007ffc30917d08:   03 0f 85 b9 00 00 00 48 8b 57 08 4c 8b 03 49 8b
0x00007ffc30917d18:   c0 8b 8a b0 05 00 00 48 8b 92 a0 05 00 00 48 d3
0x00007ffc30917d28:   e8 0f b7 14 42 0f b7 c2 66 c1 e8 08 84 c0 0f 88
0x00007ffc30917d38:   44 fe ff ff 4d 8b 08 41 0f b6 c1 24 03 3c 03 75
0x00007ffc30917d48:   06 49 83 e1 fc eb 0b 48 8b cf e8 b9 ec ff ff 4c
0x00007ffc30917d58:   8b c8 49 8b d1 4c 89 0b 8b 0d 6a 75 93 00 48 33 


Stack slot to memory mapping:

stack at sp + 0 slots: 
[error occurred during error reporting (inspecting top of stack), id 0xc0000005, EXCEPTION_ACCESS_VIOLATION (0xc0000005) at pc=0x00007ffc305cc2a1]
stack at sp + 1 slots: 0x0000000000000100 is an unknown value
stack at sp + 2 slots: 0x0000021e00000000 is pointing into metadata
stack at sp + 3 slots: 0x0000000000000018 is an unknown value
stack at sp + 4 slots: 0x0000021e75a738b0 points into unknown readable memory: 0x0000000000000000 | 00 00 00 00 00 00 00 00
stack at sp + 5 slots: 0x0000021e7af7cc50 points into unknown readable memory: 0x0000021e00000008 | 08 00 00 00 1e 02 00 00
stack at sp + 6 slots: 0x0000000088e581bc is pointing into object: org.gradle.api.internal.tasks.DefaultTaskContainer_Decorated 
{0x0000000088e58160} - klass: 'org/gradle/api/internal/tasks/DefaultTaskContainer_Decorated'
 - ---- fields (total size 18 words):
 - private 'changesDisallowed' 'Z' @12  false (0x00)
 - private final 'type' 'Ljava/lang/Class;' @16  a 'java/lang/Class'{0x0000000081015ed8} = 'org/gradle/api/Task' (0x81015ed8)
 - private final 'eventRegister' 'Lorg/gradle/api/internal/collections/CollectionEventRegister;' @20  a 'org/gradle/api/internal/collections/DefaultCollectionEventRegister'{0x0000000088e581f0} (0x88e581f0)
 - private final 'store' 'Lorg/gradle/api/internal/collections/ElementSource;' @24  a 'org/gradle/api/internal/collections/SortedSetElementSource'{0x0000000088e26bc0} (0x88e26bc0)
 - private 'beforeContainerChange' 'Lorg/gradle/internal/ImmutableActionSet;' @28  a 'org/gradle/internal/ImmutableActionSet$EmptySet'{0x000000008196fcc0} (0x8196fcc0)
 - private final 'instantiator' 'Lorg/gradle/internal/reflect/Instantiator;' @32  a 'org/gradle/internal/instantiation/generator/DependencyInjectingInstantiator'{0x0000000081186270} (0x81186270)
 - private final 'namer' 'Lorg/gradle/api/Namer;' @36  a 'org/gradle/api/Named$Namer'{0x0000000081d1b688} (0x81d1b688)
 - protected final 'index' 'Lorg/gradle/api/internal/DefaultNamedDomainObjectCollection$Index;' @40  a 'org/gradle/api/internal/DefaultNamedDomainObjectCollection$UnfilteredIndex'{0x0000000088cb3bc0} (0x88cb3bc0)
 - private final 'elementsDynamicObject' 'Lorg/gradle/api/internal/DefaultNamedDomainObjectCollection$ContainerElementsDynamicObject;' @44  a 'org/gradle/api/internal/DefaultNamedDomainObjectCollection$ContainerElementsDynamicObject'{0x0000000088cb3bb0} (0x88cb3bb0)
 - private final 'rules' 'Ljava/util/List;' @48  a 'java/util/ArrayList'{0x0000000088e0d720} (0x88e0d720)
 - private final 'applyingRulesFor' 'Ljava/util/Set;' @52  a 'java/util/HashSet'{0x0000000088e0d6e0} (0x88e0d6e0)
 - private 'whenKnown' 'Lorg/gradle/internal/ImmutableActionSet;' @56  a 'org/gradle/internal/ImmutableActionSet$EmptySet'{0x000000008196fcc0} (0x8196fcc0)
 - private final 'parentMutationGuard' 'Lorg/gradle/api/internal/MutationGuard;' @60  a 'org/gradle/api/internal/MutationGuards$1'{0x00000000811e7b98} (0x811e7b98)
 - protected final 'project' 'Lorg/gradle/api/internal/project/ProjectInternal;' @64  a 'org/gradle/api/internal/project/DefaultProject_Decorated'{0x0000000088cf90e0} (0x88cf90e0)
 - private final 'parentMutationGuard' 'Lorg/gradle/api/internal/MutationGuard;' @68  a 'org/gradle/api/internal/DefaultMutationGuard'{0x0000000088e0d6b8} (0x88e0d6b8)
 - private final 'eagerlyCreateLazyTasks' 'Z' @13  false (0x00)
 - private final 'taskIdentityFactory' 'Lorg/gradle/api/internal/project/taskfactory/TaskIdentityFactory;' @72  a 'org/gradle/api/internal/project/taskfactory/TaskIdentityFactory'{0x0000000088e0d5f0} (0x88e0d5f0)
 - private final 'taskFactory' 'Lorg/gradle/api/internal/project/taskfactory/ITaskFactory;' @76  a 'org/gradle/api/internal/project/taskfactory/AnnotationProcessingTaskFactory'{0x0000000088e0d628} (0x88e0d628)
 - private final 'userCodeApplicationContext' 'Lorg/gradle/internal/code/UserCodeApplicationContext;' @80  a 'org/gradle/internal/code/DefaultUserCodeApplicationContext'{0x0000000088e47f48} (0x88e47f48)
 - private final 'taskInstantiator' 'Lorg/gradle/model/internal/core/NamedEntityInstantiator;' @84  a 'org/gradle/api/internal/project/taskfactory/TaskInstantiator'{0x0000000088e0d5d8} (0x88e0d5d8)
 - private final 'buildOperationRunner' 'Lorg/gradle/internal/operations/BuildOperationRunner;' @88  a 'org/gradle/internal/operations/DefaultBuildOperationRunner'{0x0000000080902730} (0x80902730)
 - private final 'crossProjectModelAccess' 'Lorg/gradle/api/internal/project/CrossProjectModelAccess;' @92  a 'org/gradle/api/internal/project/DefaultCrossProjectModelAccess'{0x0000000088ceb650} (0x88ceb650)
 - private final 'statistics' 'Lorg/gradle/api/internal/tasks/TaskStatistics;' @96  a 'org/gradle/api/internal/tasks/TaskStatistics'{0x0000000088ceb598} (0x88ceb598)
 - private 'modelNode' 'Lorg/gradle/model/internal/core/MutableModelNode;' @100  null (0x00000000)
 - private transient '__additionalMethods__' 'Z' @14  false (0x00)
 - private transient '__additionalProperties__' 'Z' @15  false (0x00)
 - private transient '__asMap__' 'Z' @104  false (0x00)
 - private transient '__collectionSchema__' 'Z' @105  false (0x00)
 - private transient '__createableTypes__' 'Z' @106  false (0x00)
 - private transient '__displayName__' 'Z' @107  false (0x00)
 - private transient '__elementsAsDynamicObject__' 'Z' @108  false (0x00)
 - private transient '__empty__' 'Z' @109  false (0x00)
 - private transient '__entityInstantiator__' 'Z' @110  false (0x00)
 - private transient '__eventRegister__' 'Z' @111  false (0x00)
 - private transient '__instantiator__' 'Z' @112  false (0x00)
 - private transient '__namer__' 'Z' @113  false (0x00)
 - private transient '__names__' 'Z' @114  false (0x00)
 - private transient '__rules__' 'Z' @115  false (0x00)
 - private transient '__store__' 'Z' @116  false (0x00)
 - private transient '__tasksAsDynamicObject__' 'Z' @117  false (0x00)
 - private transient '__type__' 'Z' @118  false (0x00)
 - private transient '__typeDisplayName__' 'Z' @119  false (0x00)
 - private synthetic '_gr_dn_' 'Lorg/gradle/api/Describable;' @120  null (0x00000000)
 - private synthetic '_gr_owner_' 'Lorg/gradle/internal/state/ModelObject;' @124  null (0x00000000)
 - private transient synthetic '_gr_svcs_' 'Lorg/gradle/internal/service/ServiceLookup;' @128  a 'org/gradle/internal/service/DefaultServiceRegistry'{0x0000000080f7b6f0} (0x80f7b6f0)
 - private transient '_gr_map_' 'Lorg/gradle/api/internal/ConventionMapping;' @132  null (0x00000000)
 - private transient '_gr_dyn_' 'Lorg/gradle/internal/metaobject/AbstractDynamicObject;' @136  null (0x00000000)
 - private transient '_gr_mc_' 'Lgroovy/lang/MetaClass;' @140  null (0x00000000)
stack at sp + 7 slots: 0x0000021e56cbb0b0 points into unknown readable memory: 0x00007ffc30fde948 | 48 e9 fd 30 fc 7f 00 00


---------------  P R O C E S S  ---------------

Threads class SMR info:
_java_thread_list=0x0000021e7e301730, length=62, elements={
0x0000021e56bfae50, 0x0000021e7596b160, 0x0000021e7596c590, 0x0000021e75970010,
0x0000021e75970dd0, 0x0000021e75973840, 0x0000021e759777a0, 0x0000021e75984550,
0x0000021e75989010, 0x0000021e75a6fab0, 0x0000021e75bb5b80, 0x0000021e7bffa5a0,
0x0000021e7c15ef20, 0x0000021e7ada7050, 0x0000021e7c237310, 0x0000021e7c238030,
0x0000021e7c2358d0, 0x0000021e7eec14e0, 0x0000021e7eebed80, 0x0000021e7eebfaa0,
0x0000021e7eebf410, 0x0000021e7eec0e50, 0x0000021e7d3a6450, 0x0000021e7dd02720,
0x0000021e7db73b70, 0x0000021e7db6d900, 0x0000021e7dcff2a0, 0x0000021e7dd02090,
0x0000021e7db6f340, 0x0000021e42be45a0, 0x0000021e48766600, 0x0000021e4876d590,
0x0000021e7eec07c0, 0x0000021e7eec0130, 0x0000021e4876e2b0, 0x0000021e4901ef20,
0x0000021e4902db60, 0x0000021e4902c7b0, 0x0000021e7d6ded10, 0x0000021e7d6e00c0,
0x0000021e48761740, 0x0000021e48766c90, 0x0000021e48765f70, 0x0000021e48763ea0,
0x0000021e48762af0, 0x0000021e48763180, 0x0000021e48764530, 0x0000021e48762460,
0x0000021e48767320, 0x0000021e48764bc0, 0x0000021e487679b0, 0x0000021e48761dd0,
0x0000021e48765250, 0x0000021e7e7cf1e0, 0x0000021e48768040, 0x0000021e487610b0,
0x0000021e4876dc20, 0x0000021e4876a7a0, 0x0000021e4876ae30, 0x0000021e4876e940,
0x0000021e4876f660, 0x0000021e4876b4c0
}

Java Threads: ( => current thread )
  0x0000021e56bfae50 JavaThread "main"                              [_thread_blocked, id=22208, stack(0x00000071fc400000,0x00000071fc500000) (1024K)]
  0x0000021e7596b160 JavaThread "Reference Handler"          daemon [_thread_blocked, id=25504, stack(0x00000071fcc00000,0x00000071fcd00000) (1024K)]
  0x0000021e7596c590 JavaThread "Finalizer"                  daemon [_thread_blocked, id=3536, stack(0x00000071fcd00000,0x00000071fce00000) (1024K)]
  0x0000021e75970010 JavaThread "Signal Dispatcher"          daemon [_thread_blocked, id=24896, stack(0x00000071fce00000,0x00000071fcf00000) (1024K)]
  0x0000021e75970dd0 JavaThread "Attach Listener"            daemon [_thread_blocked, id=8032, stack(0x00000071fcf00000,0x00000071fd000000) (1024K)]
  0x0000021e75973840 JavaThread "Service Thread"             daemon [_thread_blocked, id=7956, stack(0x00000071fd000000,0x00000071fd100000) (1024K)]
  0x0000021e759777a0 JavaThread "Monitor Deflation Thread"   daemon [_thread_blocked, id=5904, stack(0x00000071fd100000,0x00000071fd200000) (1024K)]
  0x0000021e75984550 JavaThread "C2 CompilerThread0"         daemon [_thread_blocked, id=9724, stack(0x00000071fd200000,0x00000071fd300000) (1024K)]
  0x0000021e75989010 JavaThread "C1 CompilerThread0"         daemon [_thread_blocked, id=23296, stack(0x00000071fd300000,0x00000071fd400000) (1024K)]
  0x0000021e75a6fab0 JavaThread "Common-Cleaner"             daemon [_thread_blocked, id=20852, stack(0x00000071fd400000,0x00000071fd500000) (1024K)]
  0x0000021e75bb5b80 JavaThread "Notification Thread"        daemon [_thread_blocked, id=24396, stack(0x00000071fd500000,0x00000071fd600000) (1024K)]
  0x0000021e7bffa5a0 JavaThread "Daemon health stats"               [_thread_blocked, id=6520, stack(0x00000071fd700000,0x00000071fd800000) (1024K)]
  0x0000021e7c15ef20 JavaThread "Incoming local TCP Connector on port 52046"        [_thread_in_native, id=14932, stack(0x00000071fdd00000,0x00000071fde00000) (1024K)]
  0x0000021e7ada7050 JavaThread "Daemon periodic checks"            [_thread_blocked, id=20176, stack(0x00000071fde00000,0x00000071fdf00000) (1024K)]
  0x0000021e7c237310 JavaThread "Cache worker for journal cache (I:\Allmusic\caches\journal-1)"        [_thread_blocked, id=3152, stack(0x00000071fe600000,0x00000071fe700000) (1024K)]
  0x0000021e7c238030 JavaThread "File lock request listener"        [_thread_in_native, id=16276, stack(0x00000071fe700000,0x00000071fe800000) (1024K)]
  0x0000021e7c2358d0 JavaThread "Cache worker for file hash cache (I:\Allmusic\caches\9.5.0\fileHashes)"        [_thread_blocked, id=12308, stack(0x00000071fe800000,0x00000071fe900000) (1024K)]
  0x0000021e7eec14e0 JavaThread "File watcher server"        daemon [_thread_blocked, id=18368, stack(0x00000071fe900000,0x00000071fea00000) (1024K)]
  0x0000021e7eebed80 JavaThread "File watcher consumer"      daemon [_thread_blocked, id=10372, stack(0x00000071fef00000,0x00000071ff000000) (1024K)]
  0x0000021e7eebfaa0 JavaThread "Cache worker for file content cache (I:\Allmusic\caches\9.5.0\fileContent)"        [_thread_blocked, id=7176, stack(0x00000071ff000000,0x00000071ff100000) (1024K)]
  0x0000021e7eebf410 JavaThread "jar transforms"                    [_thread_blocked, id=5816, stack(0x00000071ff400000,0x00000071ff500000) (1024K)]
  0x0000021e7eec0e50 JavaThread "jar transforms Thread 2"           [_thread_blocked, id=22612, stack(0x00000071ff500000,0x00000071ff600000) (1024K)]
  0x0000021e7d3a6450 JavaThread "Memory manager"                    [_thread_blocked, id=14748, stack(0x00000071fff00000,0x0000007200000000) (1024K)]
  0x0000021e7dd02720 JavaThread "pool-3-thread-1"                   [_thread_blocked, id=24376, stack(0x0000007180100000,0x0000007180200000) (1024K)]
  0x0000021e7db73b70 JavaThread "RMI Scheduler(0)"           daemon [_thread_blocked, id=24916, stack(0x0000007181300000,0x0000007181400000) (1024K)]
  0x0000021e7db6d900 JavaThread "RMI GC Daemon"              daemon [_thread_blocked, id=23536, stack(0x0000007181600000,0x0000007181700000) (1024K)]
  0x0000021e7dcff2a0 JavaThread "RMI TCP Accept-0"           daemon [_thread_in_native, id=1376, stack(0x0000007181700000,0x0000007181800000) (1024K)]
  0x0000021e7dd02090 JavaThread "RMI Reaper"                        [_thread_blocked, id=17152, stack(0x0000007181800000,0x0000007181900000) (1024K)]
  0x0000021e7db6f340 JavaThread "pool-7-thread-1"                   [_thread_blocked, id=23496, stack(0x0000007181c00000,0x0000007181d00000) (1024K)]
  0x0000021e42be45a0 JavaThread "Cache worker for Java compile cache (I:\Allmusic\caches\9.5.0\javaCompile)"        [_thread_blocked, id=25056, stack(0x0000007182900000,0x0000007182a00000) (1024K)]
  0x0000021e48766600 JavaThread "ForkJoinPool.commonPool-worker-3" daemon [_thread_blocked, id=25500, stack(0x0000007183200000,0x0000007183300000) (1024K)]
  0x0000021e4876d590 JavaThread "pool-11-thread-1"                  [_thread_blocked, id=14680, stack(0x0000007181d00000,0x0000007181e00000) (1024K)]
  0x0000021e7eec07c0 JavaThread "ForkJoinPool.commonPool-worker-12" daemon [_thread_blocked, id=13252, stack(0x0000007183b00000,0x0000007183c00000) (1024K)]
  0x0000021e7eec0130 JavaThread "ForkJoinPool.commonPool-worker-13" daemon [_thread_blocked, id=20588, stack(0x0000007183c00000,0x0000007183d00000) (1024K)]
  0x0000021e4876e2b0 JavaThread "pool-16-thread-1"                  [_thread_blocked, id=8532, stack(0x0000007182000000,0x0000007182100000) (1024K)]
  0x0000021e4901ef20 JavaThread "ForkJoinPool.commonPool-worker-16" daemon [_thread_blocked, id=9160, stack(0x0000007183f00000,0x0000007184000000) (1024K)]
  0x0000021e4902db60 JavaThread "pool-21-thread-1"                  [_thread_blocked, id=8900, stack(0x0000007181e00000,0x0000007181f00000) (1024K)]
  0x0000021e4902c7b0 JavaThread "pool-24-thread-1"                  [_thread_blocked, id=6496, stack(0x0000007181f00000,0x0000007182000000) (1024K)]
  0x0000021e7d6ded10 JavaThread "ForkJoinPool.commonPool-worker-17" daemon [_thread_blocked, id=21604, stack(0x0000007182f00000,0x0000007183000000) (1024K)]
  0x0000021e7d6e00c0 JavaThread "ForkJoinPool.commonPool-worker-18" daemon [_thread_blocked, id=24876, stack(0x0000007183900000,0x0000007183a00000) (1024K)]
  0x0000021e48761740 JavaThread "pool-28-thread-1"                  [_thread_blocked, id=1320, stack(0x0000007182200000,0x0000007182300000) (1024K)]
  0x0000021e48766c90 JavaThread "Daemon Thread 5"                   [_thread_blocked, id=14388, stack(0x0000007180000000,0x0000007180100000) (1024K)]
  0x0000021e48765f70 JavaThread "Handler for socket connection from /127.0.0.1:52046 to /127.0.0.1:54665"        [_thread_in_native, id=10000, stack(0x0000007180200000,0x0000007180300000) (1024K)]
  0x0000021e48763ea0 JavaThread "Cancel handler"                    [_thread_blocked, id=20376, stack(0x0000007180300000,0x0000007180400000) (1024K)]
  0x0000021e48762af0 JavaThread "Daemon worker Thread 5"            [_thread_blocked, id=12208, stack(0x0000007180400000,0x0000007180500000) (1024K)]
  0x0000021e48763180 JavaThread "Asynchronous log dispatcher for DefaultDaemonConnection: socket connection from /127.0.0.1:52046 to /127.0.0.1:54665"        [_thread_blocked, id=13352, stack(0x0000007180500000,0x0000007180600000) (1024K)]
  0x0000021e48764530 JavaThread "Stdin handler"                     [_thread_blocked, id=24232, stack(0x0000007180600000,0x0000007180700000) (1024K)]
  0x0000021e48762460 JavaThread "Daemon client event forwarder"        [_thread_blocked, id=9276, stack(0x0000007180700000,0x0000007180800000) (1024K)]
  0x0000021e48767320 JavaThread "Cache worker for file hash cache (C:\Users\Fluttershy\AndroidStudioProjects\DerpiViewer\.gradle\9.5.0\fileHashes)"        [_thread_blocked, id=24436, stack(0x0000007180800000,0x0000007180900000) (1024K)]
  0x0000021e48764bc0 JavaThread "Cache worker for Build Output Cleanup Cache (C:\Users\Fluttershy\AndroidStudioProjects\DerpiViewer\.gradle\buildOutputCleanup)"        [_thread_blocked, id=7900, stack(0x0000007180900000,0x0000007180a00000) (1024K)]
  0x0000021e487679b0 JavaThread "Cache worker for checksums cache (C:\Users\Fluttershy\AndroidStudioProjects\DerpiViewer\.gradle\9.5.0\checksums)"        [_thread_blocked, id=6904, stack(0x0000007180a00000,0x0000007180b00000) (1024K)]
  0x0000021e48761dd0 JavaThread "Cache worker for cache directory md-supplier (I:\Allmusic\caches\9.5.0\md-supplier)"        [_thread_blocked, id=23944, stack(0x0000007180b00000,0x0000007180c00000) (1024K)]
  0x0000021e48765250 JavaThread "Cache worker for cache directory md-rule (I:\Allmusic\caches\9.5.0\md-rule)"        [_thread_blocked, id=12068, stack(0x0000007180c00000,0x0000007180d00000) (1024K)]
  0x0000021e7e7cf1e0 JavaThread "C2 CompilerThread1"         daemon [_thread_blocked, id=10528, stack(0x0000007180d00000,0x0000007180e00000) (1024K)]
  0x0000021e48768040 JavaThread "Build operations"                  [_thread_blocked, id=6508, stack(0x0000007180e00000,0x0000007180f00000) (1024K)]
  0x0000021e487610b0 JavaThread "Build operations Thread 2"         [_thread_blocked, id=1920, stack(0x0000007180f00000,0x0000007181000000) (1024K)]
  0x0000021e4876dc20 JavaThread "Build operations Thread 3"         [_thread_blocked, id=14944, stack(0x0000007181000000,0x0000007181100000) (1024K)]
  0x0000021e4876a7a0 JavaThread "Build operations Thread 4"         [_thread_blocked, id=20676, stack(0x0000007181100000,0x0000007181200000) (1024K)]
  0x0000021e4876ae30 JavaThread "Build operations Thread 5"         [_thread_blocked, id=4388, stack(0x0000007181200000,0x0000007181300000) (1024K)]
  0x0000021e4876e940 JavaThread "Build operations Thread 6"         [_thread_blocked, id=22480, stack(0x0000007181400000,0x0000007181500000) (1024K)]
  0x0000021e4876f660 JavaThread "Build operations Thread 7"         [_thread_blocked, id=11812, stack(0x0000007181500000,0x0000007181600000) (1024K)]
  0x0000021e4876b4c0 JavaThread "Build operations Thread 8"         [_thread_blocked, id=17116, stack(0x0000007181900000,0x0000007181a00000) (1024K)]
Total: 62

Other Threads:
  0x0000021e7593e520 VMThread "VM Thread"                           [id=5480, stack(0x00000071fcb00000,0x00000071fcc00000) (1024K)]
  0x0000021e75935250 WatcherThread "VM Periodic Task Thread"        [id=13696, stack(0x00000071fca00000,0x00000071fcb00000) (1024K)]
  0x0000021e58d0f5c0 WorkerThread "GC Thread#0"                     [id=21856, stack(0x00000071fc500000,0x00000071fc600000) (1024K)]
=>0x0000021e7ad3d100 WorkerThread "GC Thread#1"                     [id=11880, stack(0x00000071fd800000,0x00000071fd900000) (1024K)]
  0x0000021e7abbe7e0 WorkerThread "GC Thread#2"                     [id=24084, stack(0x00000071fd900000,0x00000071fda00000) (1024K)]
  0x0000021e7abbef90 WorkerThread "GC Thread#3"                     [id=1360, stack(0x00000071fda00000,0x00000071fdb00000) (1024K)]
  0x0000021e7ac3b8d0 WorkerThread "GC Thread#4"                     [id=24092, stack(0x00000071fdb00000,0x00000071fdc00000) (1024K)]
  0x0000021e7a4f37f0 WorkerThread "GC Thread#5"                     [id=25140, stack(0x00000071fdc00000,0x00000071fdd00000) (1024K)]
  0x0000021e7b9f6260 WorkerThread "GC Thread#6"                     [id=2140, stack(0x00000071fea00000,0x00000071feb00000) (1024K)]
  0x0000021e7b9f6600 WorkerThread "GC Thread#7"                     [id=14992, stack(0x00000071feb00000,0x00000071fec00000) (1024K)]
  0x0000021e58d21670 ConcurrentGCThread "G1 Main Marker"            [id=19868, stack(0x00000071fc600000,0x00000071fc700000) (1024K)]
  0x0000021e58d24040 WorkerThread "G1 Conc#0"                       [id=9372, stack(0x00000071fc700000,0x00000071fc800000) (1024K)]
  0x0000021e7b9f5b20 WorkerThread "G1 Conc#1"                       [id=24852, stack(0x00000071fec00000,0x00000071fed00000) (1024K)]
  0x0000021e758046a0 ConcurrentGCThread "G1 Refine#0"               [id=19392, stack(0x00000071fc800000,0x00000071fc900000) (1024K)]
  0x0000021e75804ec0 ConcurrentGCThread "G1 Service"                [id=12016, stack(0x00000071fc900000,0x00000071fca00000) (1024K)]
Total: 15

Threads with active compile tasks:
C2 CompilerThread1  1153303 39491   !   4       java.net.URLClassLoader$1::run (81 bytes)
Total: 1

VM state: at safepoint (normal execution)

VM Mutex/Monitor currently owned by a thread:  ([mutex/lock_event])
[0x00007ffc31267308] Threads_lock - owner thread: 0x0000021e7593e520
[0x00007ffc31267408] Heap_lock - owner thread: 0x0000021e48762af0

Heap address: 0x0000000080000000, size: 2048 MB, Compressed Oops mode: 32-bit

CDS archive(s) mapped at: [0x0000021e00000000-0x0000021e00c90000-0x0000021e00c90000), size 13172736, SharedBaseAddress: 0x0000021e00000000, ArchiveRelocationMode: 1.
Compressed class space mapped at: 0x0000021e01000000-0x0000021e41000000, reserved size: 1073741824
Narrow klass base: 0x0000021e00000000, Narrow klass shift: 0, Narrow klass range: 0x100000000

GC Precious Log:
 CardTable entry size: 512
 Card Set container configuration: InlinePtr #cards 5 size 8 Array Of Cards #cards 12 size 40 Howl #buckets 4 coarsen threshold 1843 Howl Bitmap #cards 512 size 80 coarsen threshold 460 Card regions per heap region 1 cards per card region 2048
 CPUs: 8 total, 8 available
 Memory: 16222M
 Large Page Support: Disabled
 NUMA Support: Disabled
 Compressed Oops: Enabled (32-bit)
 Heap Region Size: 1M
 Heap Min Capacity: 8M
 Heap Initial Capacity: 254M
 Heap Max Capacity: 2G
 Pre-touch: Disabled
 Parallel Workers: 8
 Concurrent Workers: 2
 Concurrent Refinement Workers: 8
 Periodic GC: Disabled

Heap:
 garbage-first heap   total 327680K, used 310356K [0x0000000080000000, 0x0000000100000000)
  region size 1024K, 114 young (116736K), 5 survivors (5120K)
 Metaspace       used 174217K, committed 177024K, reserved 1245184K
  class space    used 22922K, committed 24320K, reserved 1048576K

Heap Regions: E=young(eden), S=young(survivor), O=old, HS=humongous(starts), HC=humongous(continues), CS=collection set, F=free, TAMS=top-at-mark-start, PB=parsable bottom
|   0|0x0000000080000000, 0x0000000080100000, 0x0000000080100000|100%|HS|  |TAMS 0x0000000080000000| PB 0x0000000080000000| Complete 
|   1|0x0000000080100000, 0x0000000080200000, 0x0000000080200000|100%|HC|  |TAMS 0x0000000080100000| PB 0x0000000080100000| Complete 
|   2|0x0000000080200000, 0x0000000080300000, 0x0000000080300000|100%|HC|  |TAMS 0x0000000080200000| PB 0x0000000080200000| Complete 
|   3|0x0000000080300000, 0x0000000080400000, 0x0000000080400000|100%|HC|  |TAMS 0x0000000080300000| PB 0x0000000080300000| Complete 
|   4|0x0000000080400000, 0x0000000080500000, 0x0000000080500000|100%| O|  |TAMS 0x0000000080400000| PB 0x0000000080400000| Untracked 
|   5|0x0000000080500000, 0x0000000080600000, 0x0000000080600000|100%| O|  |TAMS 0x0000000080500000| PB 0x0000000080500000| Untracked 
|   6|0x0000000080600000, 0x0000000080700000, 0x0000000080700000|100%| O|  |TAMS 0x0000000080600000| PB 0x0000000080600000| Untracked 
|   7|0x0000000080700000, 0x0000000080800000, 0x0000000080800000|100%| O|  |TAMS 0x0000000080700000| PB 0x0000000080700000| Untracked 
|   8|0x0000000080800000, 0x0000000080900000, 0x0000000080900000|100%|HS|  |TAMS 0x0000000080800000| PB 0x0000000080800000| Complete 
|   9|0x0000000080900000, 0x0000000080a00000, 0x0000000080a00000|100%| O|  |TAMS 0x0000000080900000| PB 0x0000000080900000| Untracked 
|  10|0x0000000080a00000, 0x0000000080b00000, 0x0000000080b00000|100%| O|  |TAMS 0x0000000080a00000| PB 0x0000000080a00000| Untracked 
|  11|0x0000000080b00000, 0x0000000080c00000, 0x0000000080c00000|100%| O|  |TAMS 0x0000000080b00000| PB 0x0000000080b00000| Untracked 
|  12|0x0000000080c00000, 0x0000000080d00000, 0x0000000080d00000|100%| O|  |TAMS 0x0000000080c00000| PB 0x0000000080c00000| Untracked 
|  13|0x0000000080d00000, 0x0000000080e00000, 0x0000000080e00000|100%| O|  |TAMS 0x0000000080d00000| PB 0x0000000080d00000| Untracked 
|  14|0x0000000080e00000, 0x0000000080f00000, 0x0000000080f00000|100%| O|  |TAMS 0x0000000080e00000| PB 0x0000000080e00000| Untracked 
|  15|0x0000000080f00000, 0x0000000081000000, 0x0000000081000000|100%| O|  |TAMS 0x0000000080f00000| PB 0x0000000080f00000| Untracked 
|  16|0x0000000081000000, 0x0000000081100000, 0x0000000081100000|100%| O|  |TAMS 0x0000000081000000| PB 0x0000000081000000| Untracked 
|  17|0x0000000081100000, 0x0000000081200000, 0x0000000081200000|100%| O|  |TAMS 0x0000000081100000| PB 0x0000000081100000| Untracked 
|  18|0x0000000081200000, 0x0000000081300000, 0x0000000081300000|100%| O|  |TAMS 0x0000000081200000| PB 0x0000000081200000| Untracked 
|  19|0x0000000081300000, 0x0000000081400000, 0x0000000081400000|100%| O|  |TAMS 0x0000000081300000| PB 0x0000000081300000| Untracked 
|  20|0x0000000081400000, 0x0000000081500000, 0x0000000081500000|100%| O|  |TAMS 0x0000000081400000| PB 0x0000000081400000| Untracked 
|  21|0x0000000081500000, 0x0000000081600000, 0x0000000081600000|100%| O|  |TAMS 0x0000000081500000| PB 0x0000000081500000| Untracked 
|  22|0x0000000081600000, 0x0000000081700000, 0x0000000081700000|100%| O|  |TAMS 0x0000000081600000| PB 0x0000000081600000| Untracked 
|  23|0x0000000081700000, 0x0000000081800000, 0x0000000081800000|100%| O|  |TAMS 0x0000000081700000| PB 0x0000000081700000| Untracked 
|  24|0x0000000081800000, 0x0000000081900000, 0x0000000081900000|100%|HS|  |TAMS 0x0000000081800000| PB 0x0000000081800000| Complete 
|  25|0x0000000081900000, 0x0000000081a00000, 0x0000000081a00000|100%| O|  |TAMS 0x0000000081900000| PB 0x0000000081900000| Untracked 
|  26|0x0000000081a00000, 0x0000000081b00000, 0x0000000081b00000|100%| O|  |TAMS 0x0000000081a00000| PB 0x0000000081a00000| Untracked 
|  27|0x0000000081b00000, 0x0000000081c00000, 0x0000000081c00000|100%| O|  |TAMS 0x0000000081b00000| PB 0x0000000081b00000| Untracked 
|  28|0x0000000081c00000, 0x0000000081d00000, 0x0000000081d00000|100%| O|  |TAMS 0x0000000081c00000| PB 0x0000000081c00000| Untracked 
|  29|0x0000000081d00000, 0x0000000081e00000, 0x0000000081e00000|100%| O|  |TAMS 0x0000000081d00000| PB 0x0000000081d00000| Untracked 
|  30|0x0000000081e00000, 0x0000000081f00000, 0x0000000081f00000|100%| O|  |TAMS 0x0000000081e00000| PB 0x0000000081e00000| Untracked 
|  31|0x0000000081f00000, 0x0000000082000000, 0x0000000082000000|100%| O|  |TAMS 0x0000000081f00000| PB 0x0000000081f00000| Untracked 
|  32|0x0000000082000000, 0x0000000082100000, 0x0000000082100000|100%| O|  |TAMS 0x0000000082000000| PB 0x0000000082000000| Untracked 
|  33|0x0000000082100000, 0x0000000082200000, 0x0000000082200000|100%| O|  |TAMS 0x0000000082100000| PB 0x0000000082100000| Untracked 
|  34|0x0000000082200000, 0x0000000082300000, 0x0000000082300000|100%| O|  |TAMS 0x0000000082200000| PB 0x0000000082200000| Untracked 
|  35|0x0000000082300000, 0x0000000082400000, 0x0000000082400000|100%| O|  |TAMS 0x0000000082300000| PB 0x0000000082300000| Untracked 
|  36|0x0000000082400000, 0x0000000082500000, 0x0000000082500000|100%| O|  |TAMS 0x0000000082400000| PB 0x0000000082400000| Untracked 
|  37|0x0000000082500000, 0x0000000082600000, 0x0000000082600000|100%| O|Cm|TAMS 0x0000000082500000| PB 0x0000000082500000| Complete 
|  38|0x0000000082600000, 0x0000000082700000, 0x0000000082700000|100%| O|  |TAMS 0x0000000082600000| PB 0x0000000082600000| Untracked 
|  39|0x0000000082700000, 0x0000000082800000, 0x0000000082800000|100%| O|  |TAMS 0x0000000082700000| PB 0x0000000082700000| Untracked 
|  40|0x0000000082800000, 0x0000000082900000, 0x0000000082900000|100%| O|  |TAMS 0x0000000082800000| PB 0x0000000082800000| Untracked 
|  41|0x0000000082900000, 0x0000000082a00000, 0x0000000082a00000|100%| O|Cm|TAMS 0x0000000082900000| PB 0x0000000082900000| Complete 
|  42|0x0000000082a00000, 0x0000000082b00000, 0x0000000082b00000|100%| O|  |TAMS 0x0000000082a00000| PB 0x0000000082a00000| Untracked 
|  43|0x0000000082b00000, 0x0000000082c00000, 0x0000000082c00000|100%| O|  |TAMS 0x0000000082b00000| PB 0x0000000082b00000| Untracked 
|  44|0x0000000082c00000, 0x0000000082d00000, 0x0000000082d00000|100%| O|  |TAMS 0x0000000082c00000| PB 0x0000000082c00000| Untracked 
|  45|0x0000000082d00000, 0x0000000082e00000, 0x0000000082e00000|100%| O|  |TAMS 0x0000000082d00000| PB 0x0000000082d00000| Untracked 
|  46|0x0000000082e00000, 0x0000000082f00000, 0x0000000082f00000|100%| O|  |TAMS 0x0000000082e00000| PB 0x0000000082e00000| Untracked 
|  47|0x0000000082f00000, 0x0000000083000000, 0x0000000083000000|100%|HS|  |TAMS 0x0000000082f00000| PB 0x0000000082f00000| Complete 
|  48|0x0000000083000000, 0x0000000083100000, 0x0000000083100000|100%|HS|  |TAMS 0x0000000083000000| PB 0x0000000083000000| Complete 
|  49|0x0000000083100000, 0x0000000083200000, 0x0000000083200000|100%|HC|  |TAMS 0x0000000083100000| PB 0x0000000083100000| Complete 
|  50|0x0000000083200000, 0x0000000083300000, 0x0000000083300000|100%| O|  |TAMS 0x0000000083200000| PB 0x0000000083200000| Untracked 
|  51|0x0000000083300000, 0x0000000083400000, 0x0000000083400000|100%|HS|  |TAMS 0x0000000083300000| PB 0x0000000083300000| Complete 
|  52|0x0000000083400000, 0x0000000083500000, 0x0000000083500000|100%|HC|  |TAMS 0x0000000083400000| PB 0x0000000083400000| Complete 
|  53|0x0000000083500000, 0x0000000083600000, 0x0000000083600000|100%| O|  |TAMS 0x0000000083500000| PB 0x0000000083500000| Untracked 
|  54|0x0000000083600000, 0x0000000083700000, 0x0000000083700000|100%| O|  |TAMS 0x0000000083600000| PB 0x0000000083600000| Untracked 
|  55|0x0000000083700000, 0x0000000083800000, 0x0000000083800000|100%|HS|  |TAMS 0x0000000083700000| PB 0x0000000083700000| Complete 
|  56|0x0000000083800000, 0x0000000083900000, 0x0000000083900000|100%|HS|  |TAMS 0x0000000083800000| PB 0x0000000083800000| Complete 
|  57|0x0000000083900000, 0x0000000083a00000, 0x0000000083a00000|100%|HS|  |TAMS 0x0000000083900000| PB 0x0000000083900000| Complete 
|  58|0x0000000083a00000, 0x0000000083b00000, 0x0000000083b00000|100%| O|  |TAMS 0x0000000083a00000| PB 0x0000000083a00000| Untracked 
|  59|0x0000000083b00000, 0x0000000083c00000, 0x0000000083c00000|100%|HS|  |TAMS 0x0000000083b00000| PB 0x0000000083b00000| Complete 
|  60|0x0000000083c00000, 0x0000000083d00000, 0x0000000083d00000|100%|HS|  |TAMS 0x0000000083c00000| PB 0x0000000083c00000| Complete 
|  61|0x0000000083d00000, 0x0000000083e00000, 0x0000000083e00000|100%|HS|  |TAMS 0x0000000083d00000| PB 0x0000000083d00000| Complete 
|  62|0x0000000083e00000, 0x0000000083f00000, 0x0000000083f00000|100%| O|  |TAMS 0x0000000083e00000| PB 0x0000000083e00000| Untracked 
|  63|0x0000000083f00000, 0x0000000084000000, 0x0000000084000000|100%| O|  |TAMS 0x0000000083f00000| PB 0x0000000083f00000| Untracked 
|  64|0x0000000084000000, 0x0000000084100000, 0x0000000084100000|100%| O|  |TAMS 0x0000000084000000| PB 0x0000000084000000| Untracked 
|  65|0x0000000084100000, 0x0000000084200000, 0x0000000084200000|100%| O|  |TAMS 0x0000000084100000| PB 0x0000000084100000| Untracked 
|  66|0x0000000084200000, 0x0000000084300000, 0x0000000084300000|100%| O|  |TAMS 0x0000000084200000| PB 0x0000000084200000| Untracked 
|  67|0x0000000084300000, 0x0000000084400000, 0x0000000084400000|100%| O|  |TAMS 0x0000000084300000| PB 0x0000000084300000| Untracked 
|  68|0x0000000084400000, 0x0000000084500000, 0x0000000084500000|100%| O|  |TAMS 0x0000000084400000| PB 0x0000000084400000| Untracked 
|  69|0x0000000084500000, 0x0000000084600000, 0x0000000084600000|100%| O|  |TAMS 0x0000000084500000| PB 0x0000000084500000| Untracked 
|  70|0x0000000084600000, 0x0000000084700000, 0x0000000084700000|100%|HS|  |TAMS 0x0000000084600000| PB 0x0000000084600000| Complete 
|  71|0x0000000084700000, 0x0000000084800000, 0x0000000084800000|100%| O|  |TAMS 0x0000000084700000| PB 0x0000000084700000| Untracked 
|  72|0x0000000084800000, 0x0000000084900000, 0x0000000084900000|100%| O|  |TAMS 0x0000000084800000| PB 0x0000000084800000| Untracked 
|  73|0x0000000084900000, 0x0000000084a00000, 0x0000000084a00000|100%| O|  |TAMS 0x0000000084900000| PB 0x0000000084900000| Untracked 
|  74|0x0000000084a00000, 0x0000000084b00000, 0x0000000084b00000|100%| O|  |TAMS 0x0000000084a00000| PB 0x0000000084a00000| Untracked 
|  75|0x0000000084b00000, 0x0000000084c00000, 0x0000000084c00000|100%| O|  |TAMS 0x0000000084b00000| PB 0x0000000084b00000| Untracked 
|  76|0x0000000084c00000, 0x0000000084d00000, 0x0000000084d00000|100%| O|  |TAMS 0x0000000084c00000| PB 0x0000000084c00000| Untracked 
|  77|0x0000000084d00000, 0x0000000084e00000, 0x0000000084e00000|100%| O|Cm|TAMS 0x0000000084d00000| PB 0x0000000084d00000| Complete 
|  78|0x0000000084e00000, 0x0000000084f00000, 0x0000000084f00000|100%| O|  |TAMS 0x0000000084e00000| PB 0x0000000084e00000| Untracked 
|  79|0x0000000084f00000, 0x0000000085000000, 0x0000000085000000|100%| O|  |TAMS 0x0000000084f00000| PB 0x0000000084f00000| Untracked 
|  80|0x0000000085000000, 0x0000000085100000, 0x0000000085100000|100%| O|  |TAMS 0x0000000085000000| PB 0x0000000085000000| Untracked 
|  81|0x0000000085100000, 0x0000000085200000, 0x0000000085200000|100%| O|  |TAMS 0x0000000085100000| PB 0x0000000085100000| Untracked 
|  82|0x0000000085200000, 0x0000000085300000, 0x0000000085300000|100%| O|  |TAMS 0x0000000085200000| PB 0x0000000085200000| Untracked 
|  83|0x0000000085300000, 0x0000000085400000, 0x0000000085400000|100%| O|Cm|TAMS 0x0000000085300000| PB 0x0000000085300000| Complete 
|  84|0x0000000085400000, 0x0000000085500000, 0x0000000085500000|100%| O|  |TAMS 0x0000000085400000| PB 0x0000000085400000| Untracked 
|  85|0x0000000085500000, 0x0000000085600000, 0x0000000085600000|100%| O|  |TAMS 0x0000000085500000| PB 0x0000000085500000| Untracked 
|  86|0x0000000085600000, 0x0000000085700000, 0x0000000085700000|100%| O|  |TAMS 0x0000000085600000| PB 0x0000000085600000| Untracked 
|  87|0x0000000085700000, 0x0000000085800000, 0x0000000085800000|100%| O|  |TAMS 0x0000000085700000| PB 0x0000000085700000| Untracked 
|  88|0x0000000085800000, 0x0000000085900000, 0x0000000085900000|100%| O|  |TAMS 0x0000000085800000| PB 0x0000000085800000| Untracked 
|  89|0x0000000085900000, 0x0000000085a00000, 0x0000000085a00000|100%| O|  |TAMS 0x0000000085900000| PB 0x0000000085900000| Untracked 
|  90|0x0000000085a00000, 0x0000000085b00000, 0x0000000085b00000|100%| O|  |TAMS 0x0000000085a00000| PB 0x0000000085a00000| Untracked 
|  91|0x0000000085b00000, 0x0000000085c00000, 0x0000000085c00000|100%| O|  |TAMS 0x0000000085b00000| PB 0x0000000085b00000| Untracked 
|  92|0x0000000085c00000, 0x0000000085d00000, 0x0000000085d00000|100%| O|  |TAMS 0x0000000085c00000| PB 0x0000000085c00000| Untracked 
|  93|0x0000000085d00000, 0x0000000085e00000, 0x0000000085e00000|100%| O|  |TAMS 0x0000000085d00000| PB 0x0000000085d00000| Untracked 
|  94|0x0000000085e00000, 0x0000000085f00000, 0x0000000085f00000|100%| O|  |TAMS 0x0000000085e00000| PB 0x0000000085e00000| Untracked 
|  95|0x0000000085f00000, 0x0000000086000000, 0x0000000086000000|100%| O|  |TAMS 0x0000000085f00000| PB 0x0000000085f00000| Untracked 
|  96|0x0000000086000000, 0x0000000086100000, 0x0000000086100000|100%| O|  |TAMS 0x0000000086000000| PB 0x0000000086000000| Untracked 
|  97|0x0000000086100000, 0x0000000086200000, 0x0000000086200000|100%| O|  |TAMS 0x0000000086100000| PB 0x0000000086100000| Untracked 
|  98|0x0000000086200000, 0x0000000086300000, 0x0000000086300000|100%| O|Cm|TAMS 0x0000000086200000| PB 0x0000000086200000| Complete 
|  99|0x0000000086300000, 0x0000000086400000, 0x0000000086400000|100%| O|  |TAMS 0x0000000086300000| PB 0x0000000086300000| Untracked 
| 100|0x0000000086400000, 0x0000000086500000, 0x0000000086500000|100%| O|  |TAMS 0x0000000086400000| PB 0x0000000086400000| Untracked 
| 101|0x0000000086500000, 0x0000000086600000, 0x0000000086600000|100%| O|  |TAMS 0x0000000086500000| PB 0x0000000086500000| Untracked 
| 102|0x0000000086600000, 0x0000000086700000, 0x0000000086700000|100%| O|  |TAMS 0x0000000086600000| PB 0x0000000086600000| Untracked 
| 103|0x0000000086700000, 0x0000000086800000, 0x0000000086800000|100%| O|  |TAMS 0x0000000086700000| PB 0x0000000086700000| Untracked 
| 104|0x0000000086800000, 0x0000000086900000, 0x0000000086900000|100%|HS|  |TAMS 0x0000000086800000| PB 0x0000000086800000| Complete 
| 105|0x0000000086900000, 0x0000000086a00000, 0x0000000086a00000|100%|HC|  |TAMS 0x0000000086900000| PB 0x0000000086900000| Complete 
| 106|0x0000000086a00000, 0x0000000086b00000, 0x0000000086b00000|100%|HC|  |TAMS 0x0000000086a00000| PB 0x0000000086a00000| Complete 
| 107|0x0000000086b00000, 0x0000000086c00000, 0x0000000086c00000|100%| O|  |TAMS 0x0000000086b00000| PB 0x0000000086b00000| Untracked 
| 108|0x0000000086c00000, 0x0000000086d00000, 0x0000000086d00000|100%| O|  |TAMS 0x0000000086c00000| PB 0x0000000086c00000| Untracked 
| 109|0x0000000086d00000, 0x0000000086e00000, 0x0000000086e00000|100%| O|  |TAMS 0x0000000086d00000| PB 0x0000000086d00000| Untracked 
| 110|0x0000000086e00000, 0x0000000086f00000, 0x0000000086f00000|100%| O|  |TAMS 0x0000000086e00000| PB 0x0000000086e00000| Untracked 
| 111|0x0000000086f00000, 0x0000000087000000, 0x0000000087000000|100%| O|  |TAMS 0x0000000086f00000| PB 0x0000000086f00000| Untracked 
| 112|0x0000000087000000, 0x0000000087100000, 0x0000000087100000|100%| O|  |TAMS 0x0000000087000000| PB 0x0000000087000000| Untracked 
| 113|0x0000000087100000, 0x0000000087200000, 0x0000000087200000|100%| O|  |TAMS 0x0000000087100000| PB 0x0000000087100000| Untracked 
| 114|0x0000000087200000, 0x0000000087300000, 0x0000000087300000|100%| O|  |TAMS 0x0000000087200000| PB 0x0000000087200000| Untracked 
| 115|0x0000000087300000, 0x0000000087400000, 0x0000000087400000|100%| O|  |TAMS 0x0000000087300000| PB 0x0000000087300000| Untracked 
| 116|0x0000000087400000, 0x0000000087500000, 0x0000000087500000|100%| O|  |TAMS 0x0000000087400000| PB 0x0000000087400000| Untracked 
| 117|0x0000000087500000, 0x0000000087600000, 0x0000000087600000|100%| O|  |TAMS 0x0000000087500000| PB 0x0000000087500000| Untracked 
| 118|0x0000000087600000, 0x0000000087700000, 0x0000000087700000|100%| O|  |TAMS 0x0000000087600000| PB 0x0000000087600000| Untracked 
| 119|0x0000000087700000, 0x0000000087800000, 0x0000000087800000|100%| O|  |TAMS 0x0000000087700000| PB 0x0000000087700000| Untracked 
| 120|0x0000000087800000, 0x0000000087900000, 0x0000000087900000|100%| O|  |TAMS 0x0000000087800000| PB 0x0000000087800000| Untracked 
| 121|0x0000000087900000, 0x0000000087a00000, 0x0000000087a00000|100%| O|  |TAMS 0x0000000087900000| PB 0x0000000087900000| Untracked 
| 122|0x0000000087a00000, 0x0000000087b00000, 0x0000000087b00000|100%| O|  |TAMS 0x0000000087a00000| PB 0x0000000087a00000| Untracked 
| 123|0x0000000087b00000, 0x0000000087c00000, 0x0000000087c00000|100%| O|  |TAMS 0x0000000087b00000| PB 0x0000000087b00000| Untracked 
| 124|0x0000000087c00000, 0x0000000087d00000, 0x0000000087d00000|100%| O|  |TAMS 0x0000000087c00000| PB 0x0000000087c00000| Untracked 
| 125|0x0000000087d00000, 0x0000000087e00000, 0x0000000087e00000|100%| O|  |TAMS 0x0000000087d00000| PB 0x0000000087d00000| Untracked 
| 126|0x0000000087e00000, 0x0000000087f00000, 0x0000000087f00000|100%| O|  |TAMS 0x0000000087e00000| PB 0x0000000087e00000| Untracked 
| 127|0x0000000087f00000, 0x0000000088000000, 0x0000000088000000|100%| O|Cm|TAMS 0x0000000087f00000| PB 0x0000000087f00000| Complete 
| 128|0x0000000088000000, 0x0000000088100000, 0x0000000088100000|100%| O|  |TAMS 0x0000000088000000| PB 0x0000000088000000| Untracked 
| 129|0x0000000088100000, 0x0000000088200000, 0x0000000088200000|100%| O|  |TAMS 0x0000000088100000| PB 0x0000000088100000| Untracked 
| 130|0x0000000088200000, 0x0000000088300000, 0x0000000088300000|100%| O|  |TAMS 0x0000000088200000| PB 0x0000000088200000| Untracked 
| 131|0x0000000088300000, 0x0000000088400000, 0x0000000088400000|100%| O|  |TAMS 0x0000000088300000| PB 0x0000000088300000| Untracked 
| 132|0x0000000088400000, 0x0000000088500000, 0x0000000088500000|100%| O|  |TAMS 0x0000000088400000| PB 0x0000000088400000| Untracked 
| 133|0x0000000088500000, 0x0000000088600000, 0x0000000088600000|100%| O|  |TAMS 0x0000000088500000| PB 0x0000000088500000| Untracked 
| 134|0x0000000088600000, 0x0000000088700000, 0x0000000088700000|100%| O|Cm|TAMS 0x0000000088600000| PB 0x0000000088600000| Complete 
| 135|0x0000000088700000, 0x0000000088800000, 0x0000000088800000|100%| O|Cm|TAMS 0x0000000088700000| PB 0x0000000088700000| Complete 
| 136|0x0000000088800000, 0x0000000088900000, 0x0000000088900000|100%|HS|  |TAMS 0x0000000088800000| PB 0x0000000088800000| Complete 
| 137|0x0000000088900000, 0x0000000088a00000, 0x0000000088a00000|100%|HC|  |TAMS 0x0000000088900000| PB 0x0000000088900000| Complete 
| 138|0x0000000088a00000, 0x0000000088b00000, 0x0000000088b00000|100%| O|Cm|TAMS 0x0000000088a00000| PB 0x0000000088a00000| Complete 
| 139|0x0000000088b00000, 0x0000000088c00000, 0x0000000088c00000|100%| O|Cm|TAMS 0x0000000088b00000| PB 0x0000000088b00000| Complete 
| 140|0x0000000088c00000, 0x0000000088d00000, 0x0000000088d00000|100%| O|  |TAMS 0x0000000088c00000| PB 0x0000000088c00000| Untracked 
| 141|0x0000000088d00000, 0x0000000088e00000, 0x0000000088e00000|100%| O|Cm|TAMS 0x0000000088d00000| PB 0x0000000088d00000| Complete 
| 142|0x0000000088e00000, 0x0000000088f00000, 0x0000000088f00000|100%| O|  |TAMS 0x0000000088e00000| PB 0x0000000088e00000| Untracked 
| 143|0x0000000088f00000, 0x0000000089000000, 0x0000000089000000|100%| O|Cm|TAMS 0x0000000088f00000| PB 0x0000000088f00000| Complete 
| 144|0x0000000089000000, 0x0000000089100000, 0x0000000089100000|100%| O|Cm|TAMS 0x0000000089000000| PB 0x0000000089000000| Complete 
| 145|0x0000000089100000, 0x0000000089200000, 0x0000000089200000|100%| O|Cm|TAMS 0x0000000089100000| PB 0x0000000089100000| Complete 
| 146|0x0000000089200000, 0x0000000089300000, 0x0000000089300000|100%| O|Cm|TAMS 0x0000000089200000| PB 0x0000000089200000| Complete 
| 147|0x0000000089300000, 0x0000000089400000, 0x0000000089400000|100%| O|Cm|TAMS 0x0000000089300000| PB 0x0000000089300000| Complete 
| 148|0x0000000089400000, 0x0000000089500000, 0x0000000089500000|100%| O|  |TAMS 0x0000000089400000| PB 0x0000000089400000| Untracked 
| 149|0x0000000089500000, 0x0000000089600000, 0x0000000089600000|100%| O|  |TAMS 0x0000000089500000| PB 0x0000000089500000| Untracked 
| 150|0x0000000089600000, 0x0000000089700000, 0x0000000089700000|100%| O|  |TAMS 0x0000000089600000| PB 0x0000000089600000| Untracked 
| 151|0x0000000089700000, 0x0000000089800000, 0x0000000089800000|100%| O|  |TAMS 0x0000000089700000| PB 0x0000000089700000| Untracked 
| 152|0x0000000089800000, 0x0000000089900000, 0x0000000089900000|100%| O|  |TAMS 0x0000000089800000| PB 0x0000000089800000| Untracked 
| 153|0x0000000089900000, 0x0000000089a00000, 0x0000000089a00000|100%| O|  |TAMS 0x0000000089900000| PB 0x0000000089900000| Untracked 
| 154|0x0000000089a00000, 0x0000000089b00000, 0x0000000089b00000|100%| O|  |TAMS 0x0000000089a00000| PB 0x0000000089a00000| Untracked 
| 155|0x0000000089b00000, 0x0000000089c00000, 0x0000000089c00000|100%| O|  |TAMS 0x0000000089b00000| PB 0x0000000089b00000| Untracked 
| 156|0x0000000089c00000, 0x0000000089d00000, 0x0000000089d00000|100%| O|Cm|TAMS 0x0000000089c00000| PB 0x0000000089c00000| Complete 
| 157|0x0000000089d00000, 0x0000000089e00000, 0x0000000089e00000|100%| O|Cm|TAMS 0x0000000089d00000| PB 0x0000000089d00000| Complete 
| 158|0x0000000089e00000, 0x0000000089f00000, 0x0000000089f00000|100%| O|Cm|TAMS 0x0000000089e00000| PB 0x0000000089e00000| Complete 
| 159|0x0000000089f00000, 0x000000008a000000, 0x000000008a000000|100%|HS|  |TAMS 0x0000000089f00000| PB 0x0000000089f00000| Complete 
| 160|0x000000008a000000, 0x000000008a100000, 0x000000008a100000|100%|HC|  |TAMS 0x000000008a000000| PB 0x000000008a000000| Complete 
| 161|0x000000008a100000, 0x000000008a200000, 0x000000008a200000|100%| O|  |TAMS 0x000000008a100000| PB 0x000000008a100000| Untracked 
| 162|0x000000008a200000, 0x000000008a300000, 0x000000008a300000|100%| E|CS|TAMS 0x000000008a200000| PB 0x000000008a200000| Complete 
| 163|0x000000008a300000, 0x000000008a400000, 0x000000008a400000|100%| E|CS|TAMS 0x000000008a300000| PB 0x000000008a300000| Complete 
| 164|0x000000008a400000, 0x000000008a500000, 0x000000008a500000|100%| O|  |TAMS 0x000000008a400000| PB 0x000000008a400000| Untracked 
| 165|0x000000008a500000, 0x000000008a600000, 0x000000008a600000|100%| O|  |TAMS 0x000000008a500000| PB 0x000000008a500000| Untracked 
| 166|0x000000008a600000, 0x000000008a700000, 0x000000008a700000|100%| O|Cm|TAMS 0x000000008a600000| PB 0x000000008a600000| Complete 
| 167|0x000000008a700000, 0x000000008a800000, 0x000000008a800000|100%| O|Cm|TAMS 0x000000008a700000| PB 0x000000008a700000| Complete 
| 168|0x000000008a800000, 0x000000008a900000, 0x000000008a900000|100%| E|CS|TAMS 0x000000008a800000| PB 0x000000008a800000| Complete 
| 169|0x000000008a900000, 0x000000008aa00000, 0x000000008aa00000|100%| E|CS|TAMS 0x000000008a900000| PB 0x000000008a900000| Complete 
| 170|0x000000008aa00000, 0x000000008ab00000, 0x000000008ab00000|100%| E|CS|TAMS 0x000000008aa00000| PB 0x000000008aa00000| Complete 
| 171|0x000000008ab00000, 0x000000008ac00000, 0x000000008ac00000|100%| E|CS|TAMS 0x000000008ab00000| PB 0x000000008ab00000| Complete 
| 172|0x000000008ac00000, 0x000000008ad00000, 0x000000008ad00000|100%| E|CS|TAMS 0x000000008ac00000| PB 0x000000008ac00000| Complete 
| 173|0x000000008ad00000, 0x000000008ae00000, 0x000000008ae00000|100%| E|CS|TAMS 0x000000008ad00000| PB 0x000000008ad00000| Complete 
| 174|0x000000008ae00000, 0x000000008af00000, 0x000000008af00000|100%| E|CS|TAMS 0x000000008ae00000| PB 0x000000008ae00000| Complete 
| 175|0x000000008af00000, 0x000000008b000000, 0x000000008b000000|100%| E|CS|TAMS 0x000000008af00000| PB 0x000000008af00000| Complete 
| 176|0x000000008b000000, 0x000000008b100000, 0x000000008b100000|100%| E|CS|TAMS 0x000000008b000000| PB 0x000000008b000000| Complete 
| 177|0x000000008b100000, 0x000000008b200000, 0x000000008b200000|100%| E|CS|TAMS 0x000000008b100000| PB 0x000000008b100000| Complete 
| 178|0x000000008b200000, 0x000000008b300000, 0x000000008b300000|100%| O|Cm|TAMS 0x000000008b200000| PB 0x000000008b200000| Complete 
| 179|0x000000008b300000, 0x000000008b400000, 0x000000008b400000|100%| E|CS|TAMS 0x000000008b300000| PB 0x000000008b300000| Complete 
| 180|0x000000008b400000, 0x000000008b500000, 0x000000008b500000|100%| E|CS|TAMS 0x000000008b400000| PB 0x000000008b400000| Complete 
| 181|0x000000008b500000, 0x000000008b600000, 0x000000008b600000|100%|HS|  |TAMS 0x000000008b500000| PB 0x000000008b500000| Complete 
| 182|0x000000008b600000, 0x000000008b700000, 0x000000008b700000|100%|HC|  |TAMS 0x000000008b600000| PB 0x000000008b600000| Complete 
| 183|0x000000008b700000, 0x000000008b800000, 0x000000008b800000|100%| O|  |TAMS 0x000000008b700000| PB 0x000000008b700000| Untracked 
| 184|0x000000008b800000, 0x000000008b900000, 0x000000008b900000|100%| O|  |TAMS 0x000000008b800000| PB 0x000000008b800000| Untracked 
| 185|0x000000008b900000, 0x000000008ba00000, 0x000000008ba00000|100%|HS|  |TAMS 0x000000008b900000| PB 0x000000008b900000| Complete 
| 186|0x000000008ba00000, 0x000000008bb00000, 0x000000008bb00000|100%|HC|  |TAMS 0x000000008ba00000| PB 0x000000008ba00000| Complete 
| 187|0x000000008bb00000, 0x000000008bc00000, 0x000000008bc00000|100%|HS|  |TAMS 0x000000008bb00000| PB 0x000000008bb00000| Complete 
| 188|0x000000008bc00000, 0x000000008bd00000, 0x000000008bd00000|100%|HC|  |TAMS 0x000000008bc00000| PB 0x000000008bc00000| Complete 
| 189|0x000000008bd00000, 0x000000008be00000, 0x000000008be00000|100%|HS|  |TAMS 0x000000008bd00000| PB 0x000000008bd00000| Complete 
| 190|0x000000008be00000, 0x000000008bf00000, 0x000000008bf00000|100%|HC|  |TAMS 0x000000008be00000| PB 0x000000008be00000| Complete 
| 191|0x000000008bf00000, 0x000000008c000000, 0x000000008c000000|100%| O|  |TAMS 0x000000008bf00000| PB 0x000000008bf00000| Untracked 
| 192|0x000000008c000000, 0x000000008c100000, 0x000000008c100000|100%|HS|  |TAMS 0x000000008c000000| PB 0x000000008c000000| Complete 
| 193|0x000000008c100000, 0x000000008c200000, 0x000000008c200000|100%|HC|  |TAMS 0x000000008c100000| PB 0x000000008c100000| Complete 
| 194|0x000000008c200000, 0x000000008c300000, 0x000000008c300000|100%|HS|  |TAMS 0x000000008c200000| PB 0x000000008c200000| Complete 
| 195|0x000000008c300000, 0x000000008c400000, 0x000000008c400000|100%|HC|  |TAMS 0x000000008c300000| PB 0x000000008c300000| Complete 
| 196|0x000000008c400000, 0x000000008c500000, 0x000000008c500000|100%| O|  |TAMS 0x000000008c400000| PB 0x000000008c400000| Untracked 
| 197|0x000000008c500000, 0x000000008c600000, 0x000000008c600000|100%| O|  |TAMS 0x000000008c500000| PB 0x000000008c500000| Untracked 
| 198|0x000000008c600000, 0x000000008c700000, 0x000000008c700000|100%| O|  |TAMS 0x000000008c600000| PB 0x000000008c600000| Untracked 
| 199|0x000000008c700000, 0x000000008c800000, 0x000000008c800000|100%| O|  |TAMS 0x000000008c700000| PB 0x000000008c700000| Untracked 
| 200|0x000000008c800000, 0x000000008c8b6800, 0x000000008c900000| 71%| O|  |TAMS 0x000000008c800000| PB 0x000000008c800000| Untracked 
| 201|0x000000008c900000, 0x000000008c9d1da8, 0x000000008ca00000| 81%| S|  |TAMS 0x000000008c900000| PB 0x000000008c900000| Complete 
| 202|0x000000008ca00000, 0x000000008cb00000, 0x000000008cb00000|100%| S|  |TAMS 0x000000008ca00000| PB 0x000000008ca00000| Complete 
| 203|0x000000008cb00000, 0x000000008cc00000, 0x000000008cc00000|100%| S|  |TAMS 0x000000008cb00000| PB 0x000000008cb00000| Complete 
| 204|0x000000008cc00000, 0x000000008cd00000, 0x000000008cd00000|100%| S|  |TAMS 0x000000008cc00000| PB 0x000000008cc00000| Complete 
| 205|0x000000008cd00000, 0x000000008ce00000, 0x000000008ce00000|100%| S|  |TAMS 0x000000008cd00000| PB 0x000000008cd00000| Complete 
| 206|0x000000008ce00000, 0x000000008cf00000, 0x000000008cf00000|100%| E|CS|TAMS 0x000000008ce00000| PB 0x000000008ce00000| Complete 
| 207|0x000000008cf00000, 0x000000008d000000, 0x000000008d000000|100%| E|CS|TAMS 0x000000008cf00000| PB 0x000000008cf00000| Complete 
| 208|0x000000008d000000, 0x000000008d100000, 0x000000008d100000|100%| E|CS|TAMS 0x000000008d000000| PB 0x000000008d000000| Complete 
| 209|0x000000008d100000, 0x000000008d200000, 0x000000008d200000|100%| E|CS|TAMS 0x000000008d100000| PB 0x000000008d100000| Complete 
| 210|0x000000008d200000, 0x000000008d300000, 0x000000008d300000|100%| E|CS|TAMS 0x000000008d200000| PB 0x000000008d200000| Complete 
| 211|0x000000008d300000, 0x000000008d400000, 0x000000008d400000|100%| E|CS|TAMS 0x000000008d300000| PB 0x000000008d300000| Complete 
| 212|0x000000008d400000, 0x000000008d500000, 0x000000008d500000|100%| E|CS|TAMS 0x000000008d400000| PB 0x000000008d400000| Complete 
| 213|0x000000008d500000, 0x000000008d600000, 0x000000008d600000|100%| E|CS|TAMS 0x000000008d500000| PB 0x000000008d500000| Complete 
| 214|0x000000008d600000, 0x000000008d700000, 0x000000008d700000|100%| E|CS|TAMS 0x000000008d600000| PB 0x000000008d600000| Complete 
| 215|0x000000008d700000, 0x000000008d800000, 0x000000008d800000|100%| E|CS|TAMS 0x000000008d700000| PB 0x000000008d700000| Complete 
| 216|0x000000008d800000, 0x000000008d900000, 0x000000008d900000|100%| E|CS|TAMS 0x000000008d800000| PB 0x000000008d800000| Complete 
| 217|0x000000008d900000, 0x000000008da00000, 0x000000008da00000|100%| E|CS|TAMS 0x000000008d900000| PB 0x000000008d900000| Complete 
| 218|0x000000008da00000, 0x000000008db00000, 0x000000008db00000|100%| E|CS|TAMS 0x000000008da00000| PB 0x000000008da00000| Complete 
| 219|0x000000008db00000, 0x000000008dc00000, 0x000000008dc00000|100%| E|CS|TAMS 0x000000008db00000| PB 0x000000008db00000| Complete 
| 220|0x000000008dc00000, 0x000000008dd00000, 0x000000008dd00000|100%| E|CS|TAMS 0x000000008dc00000| PB 0x000000008dc00000| Complete 
| 221|0x000000008dd00000, 0x000000008de00000, 0x000000008de00000|100%| E|CS|TAMS 0x000000008dd00000| PB 0x000000008dd00000| Complete 
| 222|0x000000008de00000, 0x000000008df00000, 0x000000008df00000|100%| E|CS|TAMS 0x000000008de00000| PB 0x000000008de00000| Complete 
| 223|0x000000008df00000, 0x000000008e000000, 0x000000008e000000|100%| E|CS|TAMS 0x000000008df00000| PB 0x000000008df00000| Complete 
| 224|0x000000008e000000, 0x000000008e100000, 0x000000008e100000|100%| E|CS|TAMS 0x000000008e000000| PB 0x000000008e000000| Complete 
| 225|0x000000008e100000, 0x000000008e200000, 0x000000008e200000|100%| E|CS|TAMS 0x000000008e100000| PB 0x000000008e100000| Complete 
| 226|0x000000008e200000, 0x000000008e300000, 0x000000008e300000|100%| E|CS|TAMS 0x000000008e200000| PB 0x000000008e200000| Complete 
| 227|0x000000008e300000, 0x000000008e400000, 0x000000008e400000|100%| E|CS|TAMS 0x000000008e300000| PB 0x000000008e300000| Complete 
| 228|0x000000008e400000, 0x000000008e500000, 0x000000008e500000|100%| E|CS|TAMS 0x000000008e400000| PB 0x000000008e400000| Complete 
| 229|0x000000008e500000, 0x000000008e600000, 0x000000008e600000|100%| E|CS|TAMS 0x000000008e500000| PB 0x000000008e500000| Complete 
| 230|0x000000008e600000, 0x000000008e700000, 0x000000008e700000|100%| E|CS|TAMS 0x000000008e600000| PB 0x000000008e600000| Complete 
| 231|0x000000008e700000, 0x000000008e800000, 0x000000008e800000|100%| E|CS|TAMS 0x000000008e700000| PB 0x000000008e700000| Complete 
| 232|0x000000008e800000, 0x000000008e900000, 0x000000008e900000|100%| E|CS|TAMS 0x000000008e800000| PB 0x000000008e800000| Complete 
| 233|0x000000008e900000, 0x000000008ea00000, 0x000000008ea00000|100%| E|CS|TAMS 0x000000008e900000| PB 0x000000008e900000| Complete 
| 234|0x000000008ea00000, 0x000000008eb00000, 0x000000008eb00000|100%| E|CS|TAMS 0x000000008ea00000| PB 0x000000008ea00000| Complete 
| 235|0x000000008eb00000, 0x000000008ec00000, 0x000000008ec00000|100%| E|CS|TAMS 0x000000008eb00000| PB 0x000000008eb00000| Complete 
| 236|0x000000008ec00000, 0x000000008ed00000, 0x000000008ed00000|100%| E|CS|TAMS 0x000000008ec00000| PB 0x000000008ec00000| Complete 
| 237|0x000000008ed00000, 0x000000008ee00000, 0x000000008ee00000|100%| E|CS|TAMS 0x000000008ed00000| PB 0x000000008ed00000| Complete 
| 238|0x000000008ee00000, 0x000000008ef00000, 0x000000008ef00000|100%| E|CS|TAMS 0x000000008ee00000| PB 0x000000008ee00000| Complete 
| 239|0x000000008ef00000, 0x000000008f000000, 0x000000008f000000|100%| E|CS|TAMS 0x000000008ef00000| PB 0x000000008ef00000| Complete 
| 240|0x000000008f000000, 0x000000008f100000, 0x000000008f100000|100%| E|CS|TAMS 0x000000008f000000| PB 0x000000008f000000| Complete 
| 241|0x000000008f100000, 0x000000008f200000, 0x000000008f200000|100%| E|CS|TAMS 0x000000008f100000| PB 0x000000008f100000| Complete 
| 242|0x000000008f200000, 0x000000008f300000, 0x000000008f300000|100%| E|CS|TAMS 0x000000008f200000| PB 0x000000008f200000| Complete 
| 243|0x000000008f300000, 0x000000008f400000, 0x000000008f400000|100%| E|CS|TAMS 0x000000008f300000| PB 0x000000008f300000| Complete 
| 244|0x000000008f400000, 0x000000008f500000, 0x000000008f500000|100%| E|CS|TAMS 0x000000008f400000| PB 0x000000008f400000| Complete 
| 245|0x000000008f500000, 0x000000008f600000, 0x000000008f600000|100%| E|CS|TAMS 0x000000008f500000| PB 0x000000008f500000| Complete 
| 246|0x000000008f600000, 0x000000008f700000, 0x000000008f700000|100%| E|CS|TAMS 0x000000008f600000| PB 0x000000008f600000| Complete 
| 247|0x000000008f700000, 0x000000008f800000, 0x000000008f800000|100%| E|CS|TAMS 0x000000008f700000| PB 0x000000008f700000| Complete 
| 248|0x000000008f800000, 0x000000008f900000, 0x000000008f900000|100%| E|CS|TAMS 0x000000008f800000| PB 0x000000008f800000| Complete 
| 249|0x000000008f900000, 0x000000008fa00000, 0x000000008fa00000|100%| E|CS|TAMS 0x000000008f900000| PB 0x000000008f900000| Complete 
| 250|0x000000008fa00000, 0x000000008fb00000, 0x000000008fb00000|100%| E|CS|TAMS 0x000000008fa00000| PB 0x000000008fa00000| Complete 
| 251|0x000000008fb00000, 0x000000008fc00000, 0x000000008fc00000|100%| E|CS|TAMS 0x000000008fb00000| PB 0x000000008fb00000| Complete 
| 252|0x000000008fc00000, 0x000000008fd00000, 0x000000008fd00000|100%| E|CS|TAMS 0x000000008fc00000| PB 0x000000008fc00000| Complete 
| 253|0x000000008fd00000, 0x000000008fe00000, 0x000000008fe00000|100%| E|CS|TAMS 0x000000008fd00000| PB 0x000000008fd00000| Complete 
| 254|0x000000008fe00000, 0x000000008ff00000, 0x000000008ff00000|100%| E|CS|TAMS 0x000000008fe00000| PB 0x000000008fe00000| Complete 
| 255|0x000000008ff00000, 0x0000000090000000, 0x0000000090000000|100%| E|CS|TAMS 0x000000008ff00000| PB 0x000000008ff00000| Complete 
| 256|0x0000000090000000, 0x0000000090100000, 0x0000000090100000|100%| E|CS|TAMS 0x0000000090000000| PB 0x0000000090000000| Complete 
| 257|0x0000000090100000, 0x0000000090200000, 0x0000000090200000|100%| E|CS|TAMS 0x0000000090100000| PB 0x0000000090100000| Complete 
| 258|0x0000000090200000, 0x0000000090300000, 0x0000000090300000|100%| E|CS|TAMS 0x0000000090200000| PB 0x0000000090200000| Complete 
| 259|0x0000000090300000, 0x0000000090400000, 0x0000000090400000|100%| E|CS|TAMS 0x0000000090300000| PB 0x0000000090300000| Complete 
| 260|0x0000000090400000, 0x0000000090500000, 0x0000000090500000|100%| E|CS|TAMS 0x0000000090400000| PB 0x0000000090400000| Complete 
| 261|0x0000000090500000, 0x0000000090600000, 0x0000000090600000|100%| E|CS|TAMS 0x0000000090500000| PB 0x0000000090500000| Complete 
| 262|0x0000000090600000, 0x0000000090700000, 0x0000000090700000|100%| E|CS|TAMS 0x0000000090600000| PB 0x0000000090600000| Complete 
| 263|0x0000000090700000, 0x0000000090800000, 0x0000000090800000|100%| E|CS|TAMS 0x0000000090700000| PB 0x0000000090700000| Complete 
| 264|0x0000000090800000, 0x0000000090900000, 0x0000000090900000|100%| E|CS|TAMS 0x0000000090800000| PB 0x0000000090800000| Complete 
| 265|0x0000000090900000, 0x0000000090a00000, 0x0000000090a00000|100%| E|CS|TAMS 0x0000000090900000| PB 0x0000000090900000| Complete 
| 266|0x0000000090a00000, 0x0000000090b00000, 0x0000000090b00000|100%| E|CS|TAMS 0x0000000090a00000| PB 0x0000000090a00000| Complete 
| 267|0x0000000090b00000, 0x0000000090c00000, 0x0000000090c00000|100%| E|CS|TAMS 0x0000000090b00000| PB 0x0000000090b00000| Complete 
| 268|0x0000000090c00000, 0x0000000090d00000, 0x0000000090d00000|100%| E|CS|TAMS 0x0000000090c00000| PB 0x0000000090c00000| Complete 
| 269|0x0000000090d00000, 0x0000000090e00000, 0x0000000090e00000|100%| E|CS|TAMS 0x0000000090d00000| PB 0x0000000090d00000| Complete 
| 270|0x0000000090e00000, 0x0000000090f00000, 0x0000000090f00000|100%| E|CS|TAMS 0x0000000090e00000| PB 0x0000000090e00000| Complete 
| 271|0x0000000090f00000, 0x0000000091000000, 0x0000000091000000|100%| E|CS|TAMS 0x0000000090f00000| PB 0x0000000090f00000| Complete 
| 272|0x0000000091000000, 0x0000000091100000, 0x0000000091100000|100%| E|CS|TAMS 0x0000000091000000| PB 0x0000000091000000| Complete 
| 273|0x0000000091100000, 0x0000000091200000, 0x0000000091200000|100%| E|CS|TAMS 0x0000000091100000| PB 0x0000000091100000| Complete 
| 274|0x0000000091200000, 0x0000000091300000, 0x0000000091300000|100%| E|CS|TAMS 0x0000000091200000| PB 0x0000000091200000| Complete 
| 275|0x0000000091300000, 0x0000000091400000, 0x0000000091400000|100%| E|CS|TAMS 0x0000000091300000| PB 0x0000000091300000| Complete 
| 276|0x0000000091400000, 0x0000000091500000, 0x0000000091500000|100%| E|CS|TAMS 0x0000000091400000| PB 0x0000000091400000| Complete 
| 277|0x0000000091500000, 0x0000000091600000, 0x0000000091600000|100%| E|CS|TAMS 0x0000000091500000| PB 0x0000000091500000| Complete 
| 278|0x0000000091600000, 0x0000000091700000, 0x0000000091700000|100%| E|CS|TAMS 0x0000000091600000| PB 0x0000000091600000| Complete 
| 279|0x0000000091700000, 0x0000000091800000, 0x0000000091800000|100%| E|CS|TAMS 0x0000000091700000| PB 0x0000000091700000| Complete 
| 280|0x0000000091800000, 0x0000000091900000, 0x0000000091900000|100%| E|CS|TAMS 0x0000000091800000| PB 0x0000000091800000| Complete 
| 281|0x0000000091900000, 0x0000000091a00000, 0x0000000091a00000|100%| E|CS|TAMS 0x0000000091900000| PB 0x0000000091900000| Complete 
| 282|0x0000000091a00000, 0x0000000091b00000, 0x0000000091b00000|100%| E|CS|TAMS 0x0000000091a00000| PB 0x0000000091a00000| Complete 
| 283|0x0000000091b00000, 0x0000000091c00000, 0x0000000091c00000|100%| E|CS|TAMS 0x0000000091b00000| PB 0x0000000091b00000| Complete 
| 284|0x0000000091c00000, 0x0000000091d00000, 0x0000000091d00000|100%| E|CS|TAMS 0x0000000091c00000| PB 0x0000000091c00000| Complete 
| 285|0x0000000091d00000, 0x0000000091e00000, 0x0000000091e00000|100%| E|CS|TAMS 0x0000000091d00000| PB 0x0000000091d00000| Complete 
| 286|0x0000000091e00000, 0x0000000091f00000, 0x0000000091f00000|100%| E|CS|TAMS 0x0000000091e00000| PB 0x0000000091e00000| Complete 
| 287|0x0000000091f00000, 0x0000000092000000, 0x0000000092000000|100%| E|CS|TAMS 0x0000000091f00000| PB 0x0000000091f00000| Complete 
| 288|0x0000000092000000, 0x0000000092100000, 0x0000000092100000|100%| E|CS|TAMS 0x0000000092000000| PB 0x0000000092000000| Complete 
| 289|0x0000000092100000, 0x0000000092200000, 0x0000000092200000|100%| E|CS|TAMS 0x0000000092100000| PB 0x0000000092100000| Complete 
| 290|0x0000000092200000, 0x0000000092300000, 0x0000000092300000|100%| E|CS|TAMS 0x0000000092200000| PB 0x0000000092200000| Complete 
| 291|0x0000000092300000, 0x0000000092400000, 0x0000000092400000|100%| E|CS|TAMS 0x0000000092300000| PB 0x0000000092300000| Complete 
| 292|0x0000000092400000, 0x0000000092500000, 0x0000000092500000|100%| E|CS|TAMS 0x0000000092400000| PB 0x0000000092400000| Complete 
| 293|0x0000000092500000, 0x0000000092600000, 0x0000000092600000|100%| E|CS|TAMS 0x0000000092500000| PB 0x0000000092500000| Complete 
| 294|0x0000000092600000, 0x0000000092700000, 0x0000000092700000|100%| E|CS|TAMS 0x0000000092600000| PB 0x0000000092600000| Complete 
| 295|0x0000000092700000, 0x0000000092800000, 0x0000000092800000|100%| E|CS|TAMS 0x0000000092700000| PB 0x0000000092700000| Complete 
| 296|0x0000000092800000, 0x0000000092900000, 0x0000000092900000|100%| E|CS|TAMS 0x0000000092800000| PB 0x0000000092800000| Complete 
| 297|0x0000000092900000, 0x0000000092a00000, 0x0000000092a00000|100%| E|CS|TAMS 0x0000000092900000| PB 0x0000000092900000| Complete 
|2026|0x00000000fea00000, 0x00000000feb00000, 0x00000000feb00000|100%| E|CS|TAMS 0x00000000fea00000| PB 0x00000000fea00000| Complete 
|2027|0x00000000feb00000, 0x00000000fec00000, 0x00000000fec00000|100%| O|Cm|TAMS 0x00000000feb00000| PB 0x00000000feb00000| Complete 
|2028|0x00000000fec00000, 0x00000000fed00000, 0x00000000fed00000|100%| E|CS|TAMS 0x00000000fec00000| PB 0x00000000fec00000| Complete 
|2029|0x00000000fed00000, 0x00000000fee00000, 0x00000000fee00000|100%| E|CS|TAMS 0x00000000fed00000| PB 0x00000000fed00000| Complete 
|2030|0x00000000fee00000, 0x00000000fef00000, 0x00000000fef00000|100%| E|CS|TAMS 0x00000000fee00000| PB 0x00000000fee00000| Complete 
|2031|0x00000000fef00000, 0x00000000ff000000, 0x00000000ff000000|100%| E|CS|TAMS 0x00000000fef00000| PB 0x00000000fef00000| Complete 
|2032|0x00000000ff000000, 0x00000000ff100000, 0x00000000ff100000|100%| E|CS|TAMS 0x00000000ff000000| PB 0x00000000ff000000| Complete 
|2033|0x00000000ff100000, 0x00000000ff200000, 0x00000000ff200000|100%| E|CS|TAMS 0x00000000ff100000| PB 0x00000000ff100000| Complete 
|2034|0x00000000ff200000, 0x00000000ff300000, 0x00000000ff300000|100%| E|CS|TAMS 0x00000000ff200000| PB 0x00000000ff200000| Complete 
|2035|0x00000000ff300000, 0x00000000ff400000, 0x00000000ff400000|100%| E|CS|TAMS 0x00000000ff300000| PB 0x00000000ff300000| Complete 
|2036|0x00000000ff400000, 0x00000000ff500000, 0x00000000ff500000|100%| E|CS|TAMS 0x00000000ff400000| PB 0x00000000ff400000| Complete 
|2037|0x00000000ff500000, 0x00000000ff600000, 0x00000000ff600000|100%| E|CS|TAMS 0x00000000ff500000| PB 0x00000000ff500000| Complete 
|2038|0x00000000ff600000, 0x00000000ff700000, 0x00000000ff700000|100%| O|  |TAMS 0x00000000ff600000| PB 0x00000000ff600000| Untracked 
|2039|0x00000000ff700000, 0x00000000ff800000, 0x00000000ff800000|100%| E|CS|TAMS 0x00000000ff700000| PB 0x00000000ff700000| Complete 
|2040|0x00000000ff800000, 0x00000000ff900000, 0x00000000ff900000|100%| E|CS|TAMS 0x00000000ff800000| PB 0x00000000ff800000| Complete 
|2041|0x00000000ff900000, 0x00000000ffa00000, 0x00000000ffa00000|100%| E|CS|TAMS 0x00000000ff900000| PB 0x00000000ff900000| Complete 
|2042|0x00000000ffa00000, 0x00000000ffb00000, 0x00000000ffb00000|100%| E|CS|TAMS 0x00000000ffa00000| PB 0x00000000ffa00000| Complete 
|2043|0x00000000ffb00000, 0x00000000ffc00000, 0x00000000ffc00000|100%| E|CS|TAMS 0x00000000ffb00000| PB 0x00000000ffb00000| Complete 
|2044|0x00000000ffc00000, 0x00000000ffd00000, 0x00000000ffd00000|100%| O|  |TAMS 0x00000000ffc00000| PB 0x00000000ffc00000| Untracked 
|2045|0x00000000ffd00000, 0x00000000ffe00000, 0x00000000ffe00000|100%| E|CS|TAMS 0x00000000ffd00000| PB 0x00000000ffd00000| Complete 
|2046|0x00000000ffe00000, 0x00000000fff00000, 0x00000000fff00000|100%| O|  |TAMS 0x00000000ffe00000| PB 0x00000000ffe00000| Untracked 
|2047|0x00000000fff00000, 0x0000000100000000, 0x0000000100000000|100%| O|  |TAMS 0x00000000fff00000| PB 0x00000000fff00000| Untracked 

Card table byte_map: [0x0000021e70ac0000,0x0000021e70ec0000] _byte_map_base: 0x0000021e706c0000

Marking Bits: (CMBitMap*) 0x0000021e58d0fbd0
 Bits: [0x0000021e70ec0000, 0x0000021e72ec0000)

Polling page: 0x0000021e58480000

Metaspace:

Usage:
  Non-class:    147.75 MB used.
      Class:     22.38 MB used.
       Both:    170.13 MB used.

Virtual space:
  Non-class space:      192.00 MB reserved,     149.12 MB ( 78%) committed,  3 nodes.
      Class space:        1.00 GB reserved,      23.75 MB (  2%) committed,  1 nodes.
             Both:        1.19 GB reserved,     172.88 MB ( 14%) committed. 

Chunk freelists:
   Non-Class:  9.94 MB
       Class:  8.25 MB
        Both:  18.19 MB

MaxMetaspaceSize: unlimited
CompressedClassSpaceSize: 1.00 GB
Initial GC threshold: 21.00 MB
Current GC threshold: 286.06 MB
CDS: on
 - commit_granule_bytes: 65536.
 - commit_granule_words: 8192.
 - virtual_space_node_default_size: 8388608.
 - enlarge_chunks_in_place: 1.
 - use_allocation_guard: 0.


Internal statistics:

num_allocs_failed_limit: 6.
num_arena_births: 5358.
num_arena_deaths: 62.
num_vsnodes_births: 4.
num_vsnodes_deaths: 0.
num_space_committed: 2769.
num_space_uncommitted: 5.
num_chunks_returned_to_freelist: 161.
num_chunks_taken_from_freelist: 13250.
num_chunk_merges: 31.
num_chunk_splits: 8728.
num_chunks_enlarged: 5696.
num_inconsistent_stats: 0.

CodeHeap 'non-profiled nmethods': size=120000Kb used=16816Kb max_used=18049Kb free=103183Kb
 bounds [0x0000021e68e60000, 0x0000021e6a060000, 0x0000021e70390000]
CodeHeap 'profiled nmethods': size=120000Kb used=38014Kb max_used=43282Kb free=81985Kb
 bounds [0x0000021e61390000, 0x0000021e63de0000, 0x0000021e688c0000]
CodeHeap 'non-nmethods': size=5760Kb used=2373Kb max_used=2459Kb free=3386Kb
 bounds [0x0000021e688c0000, 0x0000021e68b30000, 0x0000021e68e60000]
 total_blobs=19174 nmethods=18142 adapters=933
 compilation: enabled
              stopped_count=0, restarted_count=0
 full_count=0

Compilation events (20 events):
Event: 1153.116 Thread 0x0000021e7e7cf1e0 39488       4       java.net.URL::toString (5 bytes)
Event: 1153.116 Thread 0x0000021e75989010 39487       3       java.lang.ClassLoader::defineClass (43 bytes)
Event: 1153.117 Thread 0x0000021e75989010 nmethod 39487 0x0000021e61e73b10 code [0x0000021e61e73d20, 0x0000021e61e74238]
Event: 1153.117 Thread 0x0000021e7e7cf1e0 nmethod 39488 0x0000021e695a0c90 code [0x0000021e695a0e20, 0x0000021e695a0ef8]
Event: 1153.118 Thread 0x0000021e75984550 nmethod 39481 0x0000021e69da5910 code [0x0000021e69da5c00, 0x0000021e69da7170]
Event: 1153.119 Thread 0x0000021e7e7cf1e0 39489       4       java.security.SecureClassLoader$CodeSourceKey::hashCode (21 bytes)
Event: 1153.125 Thread 0x0000021e7e7cf1e0 nmethod 39489 0x0000021e68f48f10 code [0x0000021e68f490a0, 0x0000021e68f49340]
Event: 1153.126 Thread 0x0000021e7e7cf1e0 39490       4       jdk.internal.access.SharedSecrets::javaUtilJarAccess (19 bytes)
Event: 1153.127 Thread 0x0000021e7e7cf1e0 nmethod 39490 0x0000021e694a3790 code [0x0000021e694a3900, 0x0000021e694a3998]
Event: 1153.128 Thread 0x0000021e7e7cf1e0 39491   !   4       java.net.URLClassLoader$1::run (81 bytes)
Event: 1153.136 Thread 0x0000021e75989010 39492       3       java.lang.Package$VersionInfo::<init> (44 bytes)
Event: 1153.137 Thread 0x0000021e75989010 nmethod 39492 0x0000021e616f6d90 code [0x0000021e616f6f40, 0x0000021e616f7338]
Event: 1153.149 Thread 0x0000021e75984550 39493       4       java.util.jar.JarFile::maybeInstantiateVerifier (42 bytes)
Event: 1153.150 Thread 0x0000021e75989010 39494       3       java.lang.ClassLoader::postDefineClass (39 bytes)
Event: 1153.151 Thread 0x0000021e75989010 nmethod 39494 0x0000021e61a54210 code [0x0000021e61a54400, 0x0000021e61a54738]
Event: 1153.153 Thread 0x0000021e75984550 nmethod 39493 0x0000021e692d3190 code [0x0000021e692d3360, 0x0000021e692d38a0]
Event: 1153.155 Thread 0x0000021e75989010 39495       3       jdk.internal.loader.URLClassPath$JarLoader$2::getCodeSigners (8 bytes)
Event: 1153.155 Thread 0x0000021e75989010 nmethod 39495 0x0000021e61700010 code [0x0000021e617001c0, 0x0000021e61700398]
Event: 1153.155 Thread 0x0000021e75989010 39496       3       jdk.internal.loader.URLClassPath$JarLoader$2::getInputStream (15 bytes)
Event: 1153.155 Thread 0x0000021e75989010 nmethod 39496 0x0000021e61716590 code [0x0000021e61716740, 0x0000021e61716920]

GC Heap History (20 events):
Event: 753.144 GC heap after
{Heap after GC invocations=90 (full 0):
 garbage-first heap   total 323584K, used 172358K [0x0000000080000000, 0x0000000100000000)
  region size 1024K, 8 young (8192K), 8 survivors (8192K)
 Metaspace       used 171160K, committed 174016K, reserved 1245184K
  class space    used 22749K, committed 24192K, reserved 1048576K
}
Event: 754.940 GC heap before
{Heap before GC invocations=91 (full 0):
 garbage-first heap   total 323584K, used 300358K [0x0000000080000000, 0x0000000100000000)
  region size 1024K, 129 young (132096K), 8 survivors (8192K)
 Metaspace       used 171810K, committed 174592K, reserved 1245184K
  class space    used 22769K, committed 24192K, reserved 1048576K
}
Event: 754.961 GC heap after
{Heap after GC invocations=92 (full 0):
 garbage-first heap   total 323584K, used 183296K [0x0000000080000000, 0x0000000100000000)
  region size 1024K, 17 young (17408K), 17 survivors (17408K)
 Metaspace       used 171810K, committed 174592K, reserved 1245184K
  class space    used 22769K, committed 24192K, reserved 1048576K
}
Event: 755.411 GC heap before
{Heap before GC invocations=92 (full 0):
 garbage-first heap   total 323584K, used 290816K [0x0000000080000000, 0x0000000100000000)
  region size 1024K, 123 young (125952K), 17 survivors (17408K)
 Metaspace       used 171873K, committed 174656K, reserved 1245184K
  class space    used 22769K, committed 24192K, reserved 1048576K
}
Event: 755.428 GC heap after
{Heap after GC invocations=93 (full 0):
 garbage-first heap   total 323584K, used 168601K [0x0000000080000000, 0x0000000100000000)
  region size 1024K, 4 young (4096K), 4 survivors (4096K)
 Metaspace       used 171873K, committed 174656K, reserved 1245184K
  class space    used 22769K, committed 24192K, reserved 1048576K
}
Event: 756.093 GC heap before
{Heap before GC invocations=93 (full 0):
 garbage-first heap   total 323584K, used 293529K [0x0000000080000000, 0x0000000100000000)
  region size 1024K, 127 young (130048K), 4 survivors (4096K)
 Metaspace       used 171961K, committed 174848K, reserved 1245184K
  class space    used 22770K, committed 24192K, reserved 1048576K
}
Event: 756.100 GC heap after
{Heap after GC invocations=94 (full 0):
 garbage-first heap   total 323584K, used 170283K [0x0000000080000000, 0x0000000100000000)
  region size 1024K, 6 young (6144K), 6 survivors (6144K)
 Metaspace       used 171961K, committed 174848K, reserved 1245184K
  class space    used 22770K, committed 24192K, reserved 1048576K
}
Event: 960.105 GC heap before
{Heap before GC invocations=95 (full 0):
 garbage-first heap   total 323584K, used 313643K [0x0000000080000000, 0x0000000100000000)
  region size 1024K, 129 young (132096K), 6 survivors (6144K)
 Metaspace       used 171986K, committed 174784K, reserved 1245184K
  class space    used 22756K, committed 24192K, reserved 1048576K
}
Event: 960.116 GC heap after
{Heap after GC invocations=96 (full 0):
 garbage-first heap   total 325632K, used 170904K [0x0000000080000000, 0x0000000100000000)
  region size 1024K, 10 young (10240K), 10 survivors (10240K)
 Metaspace       used 171986K, committed 174784K, reserved 1245184K
  class space    used 22756K, committed 24192K, reserved 1048576K
}
Event: 987.263 GC heap before
{Heap before GC invocations=96 (full 0):
 garbage-first heap   total 325632K, used 295832K [0x0000000080000000, 0x0000000100000000)
  region size 1024K, 133 young (136192K), 10 survivors (10240K)
 Metaspace       used 172323K, committed 175168K, reserved 1245184K
  class space    used 22759K, committed 24192K, reserved 1048576K
}
Event: 987.289 GC heap after
{Heap after GC invocations=97 (full 0):
 garbage-first heap   total 325632K, used 174300K [0x0000000080000000, 0x0000000100000000)
  region size 1024K, 17 young (17408K), 17 survivors (17408K)
 Metaspace       used 172323K, committed 175168K, reserved 1245184K
  class space    used 22759K, committed 24192K, reserved 1048576K
}
Event: 993.187 GC heap before
{Heap before GC invocations=97 (full 0):
 garbage-first heap   total 325632K, used 288988K [0x0000000080000000, 0x0000000100000000)
  region size 1024K, 130 young (133120K), 17 survivors (17408K)
 Metaspace       used 172468K, committed 175296K, reserved 1245184K
  class space    used 22760K, committed 24192K, reserved 1048576K
}
Event: 993.212 GC heap after
{Heap after GC invocations=98 (full 0):
 garbage-first heap   total 325632K, used 182929K [0x0000000080000000, 0x0000000100000000)
  region size 1024K, 8 young (8192K), 8 survivors (8192K)
 Metaspace       used 172468K, committed 175296K, reserved 1245184K
  class space    used 22760K, committed 24192K, reserved 1048576K
}
Event: 994.218 GC heap before
{Heap before GC invocations=99 (full 0):
 garbage-first heap   total 325632K, used 298641K [0x0000000080000000, 0x0000000100000000)
  region size 1024K, 122 young (124928K), 8 survivors (8192K)
 Metaspace       used 172538K, committed 175360K, reserved 1245184K
  class space    used 22760K, committed 24192K, reserved 1048576K
}
Event: 994.225 GC heap after
{Heap after GC invocations=100 (full 0):
 garbage-first heap   total 325632K, used 180728K [0x0000000080000000, 0x0000000100000000)
  region size 1024K, 6 young (6144K), 6 survivors (6144K)
 Metaspace       used 172538K, committed 175360K, reserved 1245184K
  class space    used 22760K, committed 24192K, reserved 1048576K
}
Event: 1030.898 GC heap before
{Heap before GC invocations=100 (full 0):
 garbage-first heap   total 325632K, used 316920K [0x0000000080000000, 0x0000000100000000)
  region size 1024K, 124 young (126976K), 6 survivors (6144K)
 Metaspace       used 172677K, committed 175552K, reserved 1245184K
  class space    used 22761K, committed 24192K, reserved 1048576K
}
Event: 1030.908 GC heap after
{Heap after GC invocations=101 (full 0):
 garbage-first heap   total 327680K, used 175188K [0x0000000080000000, 0x0000000100000000)
  region size 1024K, 5 young (5120K), 5 survivors (5120K)
 Metaspace       used 172677K, committed 175552K, reserved 1245184K
  class space    used 22761K, committed 24192K, reserved 1048576K
}
Event: 1035.011 GC heap before
{Heap before GC invocations=101 (full 0):
 garbage-first heap   total 327680K, used 304212K [0x0000000080000000, 0x0000000100000000)
  region size 1024K, 132 young (135168K), 5 survivors (5120K)
 Metaspace       used 172928K, committed 175744K, reserved 1245184K
  class space    used 22763K, committed 24192K, reserved 1048576K
}
Event: 1035.028 GC heap after
{Heap after GC invocations=102 (full 0):
 garbage-first heap   total 327680K, used 184404K [0x0000000080000000, 0x0000000100000000)
  region size 1024K, 14 young (14336K), 14 survivors (14336K)
 Metaspace       used 172928K, committed 175744K, reserved 1245184K
  class space    used 22763K, committed 24192K, reserved 1048576K
}
Event: 1153.158 GC heap before
{Heap before GC invocations=103 (full 0):
 garbage-first heap   total 327680K, used 309332K [0x0000000080000000, 0x0000000100000000)
  region size 1024K, 123 young (125952K), 14 survivors (14336K)
 Metaspace       used 174217K, committed 177024K, reserved 1245184K
  class space    used 22922K, committed 24320K, reserved 1048576K
}

Dll operation events (16 events):
Event: 0.011 Loaded shared library C:\Program Files\Eclipse Adoptium\jdk-21.0.4.7-hotspot\bin\java.dll
Event: 0.064 Loaded shared library C:\Program Files\Eclipse Adoptium\jdk-21.0.4.7-hotspot\bin\jsvml.dll
Event: 0.136 Loaded shared library C:\Program Files\Eclipse Adoptium\jdk-21.0.4.7-hotspot\bin\zip.dll
Event: 0.144 Loaded shared library C:\Program Files\Eclipse Adoptium\jdk-21.0.4.7-hotspot\bin\instrument.dll
Event: 0.149 Loaded shared library C:\Program Files\Eclipse Adoptium\jdk-21.0.4.7-hotspot\bin\net.dll
Event: 0.151 Loaded shared library C:\Program Files\Eclipse Adoptium\jdk-21.0.4.7-hotspot\bin\nio.dll
Event: 0.157 Loaded shared library C:\Program Files\Eclipse Adoptium\jdk-21.0.4.7-hotspot\bin\zip.dll
Event: 0.476 Loaded shared library C:\Program Files\Eclipse Adoptium\jdk-21.0.4.7-hotspot\bin\jimage.dll
Event: 0.821 Loaded shared library C:\Program Files\Eclipse Adoptium\jdk-21.0.4.7-hotspot\bin\verify.dll
Event: 0.868 Loaded shared library I:\Allmusic\native\660c5614fbf4a5f2a75b1949f50a0caf5cd603558e7d8a26e50b933a0cfb79d1\windows-amd64\native-platform.dll
Event: 0.886 Loaded shared library I:\Allmusic\native\0.2.8\x86_64-windows-gnu\gradle-fileevents.dll
Event: 2.410 Loaded shared library C:\Program Files\Eclipse Adoptium\jdk-21.0.4.7-hotspot\bin\management.dll
Event: 2.413 Loaded shared library C:\Program Files\Eclipse Adoptium\jdk-21.0.4.7-hotspot\bin\management_ext.dll
Event: 2.665 Loaded shared library C:\Program Files\Eclipse Adoptium\jdk-21.0.4.7-hotspot\bin\extnet.dll
Event: 2.944 Loaded shared library C:\Program Files\Eclipse Adoptium\jdk-21.0.4.7-hotspot\bin\sunmscapi.dll
Event: 39.999 Loaded shared library C:\Program Files\Eclipse Adoptium\jdk-21.0.4.7-hotspot\bin\rmi.dll

Deoptimization events (20 events):
Event: 1152.772 Thread 0x0000021e48762af0 Uncommon trap: trap_request=0xffffff6e fr.pc=0x0000021e693ab05c relative=0x000000000000035c
Event: 1152.772 Thread 0x0000021e48762af0 Uncommon trap: reason=loop_limit_check action=maybe_recompile pc=0x0000021e693ab05c method=org.antlr.v4.runtime.BufferedTokenStream.previousTokenOnChannel(II)I @ 22 c2
Event: 1152.772 Thread 0x0000021e48762af0 DEOPT PACKING pc=0x0000021e693ab05c sp=0x00000071804fac90
Event: 1152.772 Thread 0x0000021e48762af0 DEOPT UNPACKING pc=0x0000021e689146a2 sp=0x00000071804fabb8 mode 2
Event: 1152.772 Thread 0x0000021e48762af0 Uncommon trap: trap_request=0xffffff6e fr.pc=0x0000021e691cc968 relative=0x00000000000001a8
Event: 1152.772 Thread 0x0000021e48762af0 Uncommon trap: reason=loop_limit_check action=maybe_recompile pc=0x0000021e691cc968 method=org.antlr.v4.runtime.BufferedTokenStream.previousTokenOnChannel(II)I @ 22 c2
Event: 1152.772 Thread 0x0000021e48762af0 DEOPT PACKING pc=0x0000021e691cc968 sp=0x00000071804facd0
Event: 1152.772 Thread 0x0000021e48762af0 DEOPT UNPACKING pc=0x0000021e689146a2 sp=0x00000071804fac78 mode 2
Event: 1152.997 Thread 0x0000021e48762af0 Uncommon trap: trap_request=0xffffff45 fr.pc=0x0000021e69890e78 relative=0x0000000000000938
Event: 1152.997 Thread 0x0000021e48762af0 Uncommon trap: reason=unstable_if action=reinterpret pc=0x0000021e69890e78 method=org.gradle.internal.logging.events.ProgressStartEvent.<init>(Lorg/gradle/internal/operations/OperationIdentifier;Lorg/gradle/internal/operations/OperationIdentifier;JLjava/l
Event: 1152.997 Thread 0x0000021e48762af0 DEOPT PACKING pc=0x0000021e69890e78 sp=0x00000071804f7210
Event: 1152.997 Thread 0x0000021e48762af0 DEOPT UNPACKING pc=0x0000021e689146a2 sp=0x00000071804f71e8 mode 2
Event: 1152.997 Thread 0x0000021e48762af0 Uncommon trap: trap_request=0xffffff45 fr.pc=0x0000021e6983f1d0 relative=0x00000000000007b0
Event: 1152.997 Thread 0x0000021e48762af0 Uncommon trap: reason=unstable_if action=reinterpret pc=0x0000021e6983f1d0 method=org.gradle.internal.logging.sink.OutputEventTransformer.onOutput(Lorg/gradle/internal/logging/events/OutputEvent;)V @ 16 c2
Event: 1152.997 Thread 0x0000021e48762af0 DEOPT PACKING pc=0x0000021e6983f1d0 sp=0x00000071804f71d0
Event: 1152.997 Thread 0x0000021e48762af0 DEOPT UNPACKING pc=0x0000021e689146a2 sp=0x00000071804f7188 mode 2
Event: 1153.000 Thread 0x0000021e48762af0 Uncommon trap: trap_request=0xffffff45 fr.pc=0x0000021e69ba83d8 relative=0x00000000000002f8
Event: 1153.000 Thread 0x0000021e48762af0 Uncommon trap: reason=unstable_if action=reinterpret pc=0x0000021e69ba83d8 method=java.lang.String.indexOf([BBILjava/lang/String;I)I @ 50 c2
Event: 1153.000 Thread 0x0000021e48762af0 DEOPT PACKING pc=0x0000021e69ba83d8 sp=0x00000071804f7240
Event: 1153.000 Thread 0x0000021e48762af0 DEOPT UNPACKING pc=0x0000021e689146a2 sp=0x00000071804f70d0 mode 2

Classes loaded (20 events):
Event: 140.325 Loading class java/nio/BufferOverflowException
Event: 140.325 Loading class java/nio/BufferOverflowException done
Event: 140.329 Loading class java/security/spec/InvalidKeySpecException
Event: 140.329 Loading class java/security/spec/InvalidKeySpecException done
Event: 140.332 Loading class java/security/DigestException
Event: 140.332 Loading class java/security/DigestException done
Event: 140.333 Loading class java/security/InvalidAlgorithmParameterException
Event: 140.334 Loading class java/security/InvalidAlgorithmParameterException done
Event: 140.341 Loading class java/security/spec/MGF1ParameterSpec
Event: 140.341 Loading class java/security/spec/MGF1ParameterSpec done
Event: 140.350 Loading class java/util/concurrent/ForkJoinTask$AdaptedRunnableAction
Event: 140.350 Loading class java/util/concurrent/ForkJoinTask$AdaptedRunnableAction done
Event: 140.403 Loading class sun/security/rsa/RSACore$BlindingParameters
Event: 140.403 Loading class sun/security/rsa/RSACore$BlindingParameters done
Event: 140.403 Loading class sun/security/jca/JCAUtil$CachedSecureRandomHolder
Event: 140.403 Loading class sun/security/jca/JCAUtil$CachedSecureRandomHolder done
Event: 140.409 Loading class sun/security/rsa/RSACore$BlindingRandomPair
Event: 140.409 Loading class sun/security/rsa/RSACore$BlindingRandomPair done
Event: 1153.147 Loading class javax/swing/Icon
Event: 1153.147 Loading class javax/swing/Icon done

Classes unloaded (20 events):
Event: 756.343 Thread 0x0000021e7593e520 Unloading class 0x0000021e02793978 'jdk/internal/jimage/ImageReader$Resource'
Event: 756.343 Thread 0x0000021e7593e520 Unloading class 0x0000021e02793710 'jdk/internal/jimage/ImageReader$LinkNode'
Event: 756.343 Thread 0x0000021e7593e520 Unloading class 0x0000021e027934a8 'jdk/internal/jimage/ImageReader$Directory'
Event: 756.343 Thread 0x0000021e7593e520 Unloading class 0x0000021e02793240 'jdk/internal/jimage/ImageReader$Node'
Event: 756.343 Thread 0x0000021e7593e520 Unloading class 0x0000021e02793048 'jdk/internal/jimage/ImageStrings'
Event: 756.343 Thread 0x0000021e7593e520 Unloading class 0x0000021e02792d88 'jdk/internal/jimage/ImageReader$SharedImageReader'
Event: 756.343 Thread 0x0000021e7593e520 Unloading class 0x0000021e02792ac8 'jdk/internal/jimage/BasicImageReader'
Event: 756.343 Thread 0x0000021e7593e520 Unloading class 0x0000021e027928a8 'jdk/internal/jimage/ImageReader'
Event: 756.343 Thread 0x0000021e7593e520 Unloading class 0x0000021e02792680 'jdk/internal/jrtfs/SystemImage$2'
Event: 756.343 Thread 0x0000021e7593e520 Unloading class 0x0000021e02792468 'jdk/internal/jrtfs/SystemImage$$Lambda+0x0000021e02792468'
Event: 756.343 Thread 0x0000021e7593e520 Unloading class 0x0000021e02792238 'jdk/internal/jrtfs/ExplodedImage'
Event: 756.343 Thread 0x0000021e7593e520 Unloading class 0x0000021e02792000 'jdk/internal/jrtfs/SystemImage$1'
Event: 756.343 Thread 0x0000021e7593e520 Unloading class 0x0000021e02791de8 'jdk/internal/jrtfs/SystemImage'
Event: 756.343 Thread 0x0000021e7593e520 Unloading class 0x0000021e02791400 'jdk/internal/jrtfs/JrtFileStore'
Event: 756.343 Thread 0x0000021e7593e520 Unloading class 0x0000021e02789000 'jdk/internal/jrtfs/JrtPath'
Event: 756.343 Thread 0x0000021e7593e520 Unloading class 0x0000021e02791af0 'jdk/internal/jrtfs/JrtFileSystem'
Event: 756.343 Thread 0x0000021e7593e520 Unloading class 0x0000021e02791800 'jdk/internal/jrtfs/JrtFileSystemProvider'
Event: 1035.263 Thread 0x0000021e7593e520 Unloading class 0x0000021e02792400 'java/lang/invoke/LambdaForm$MH+0x0000021e02792400'
Event: 1035.263 Thread 0x0000021e7593e520 Unloading class 0x0000021e02798400 'java/lang/invoke/LambdaForm$MH+0x0000021e02798400'
Event: 1035.263 Thread 0x0000021e7593e520 Unloading class 0x0000021e02648c00 'java/lang/invoke/LambdaForm$MH+0x0000021e02648c00'

Classes redefined (0 events):
No events

Internal exceptions (20 events):
Event: 1035.659 Thread 0x0000021e7df6ae70 Exception <a 'sun/nio/fs/WindowsException'{0x0000000090813f00}> (0x0000000090813f00) 
thrown [s\src\hotspot\share\prims\jni.cpp, line 520]
Event: 1036.106 Thread 0x0000021e490223a0 Exception <a 'sun/nio/fs/WindowsException'{0x00000000902336c0}> (0x00000000902336c0) 
thrown [s\src\hotspot\share\prims\jni.cpp, line 520]
Event: 1036.107 Thread 0x0000021e7dcfc4b0 Exception <a 'sun/nio/fs/WindowsException'{0x0000000090289d88}> (0x0000000090289d88) 
thrown [s\src\hotspot\share\prims\jni.cpp, line 520]
Event: 1036.170 Thread 0x0000021e4901f5b0 Exception <a 'sun/nio/fs/WindowsException'{0x000000008fe63480}> (0x000000008fe63480) 
thrown [s\src\hotspot\share\prims\jni.cpp, line 520]
Event: 1036.170 Thread 0x0000021e4901f5b0 Exception <a 'sun/nio/fs/WindowsException'{0x000000008fe63fa8}> (0x000000008fe63fa8) 
thrown [s\src\hotspot\share\prims\jni.cpp, line 520]
Event: 1036.171 Thread 0x0000021e4901f5b0 Exception <a 'sun/nio/fs/WindowsException'{0x000000008fe64b28}> (0x000000008fe64b28) 
thrown [s\src\hotspot\share\prims\jni.cpp, line 520]
Event: 1036.174 Thread 0x0000021e4901f5b0 Exception <a 'sun/nio/fs/WindowsException'{0x000000008fe70340}> (0x000000008fe70340) 
thrown [s\src\hotspot\share\prims\jni.cpp, line 520]
Event: 1036.174 Thread 0x0000021e4901f5b0 Exception <a 'sun/nio/fs/WindowsException'{0x000000008fe70e68}> (0x000000008fe70e68) 
thrown [s\src\hotspot\share\prims\jni.cpp, line 520]
Event: 1036.174 Thread 0x0000021e4901f5b0 Exception <a 'sun/nio/fs/WindowsException'{0x000000008fe719f0}> (0x000000008fe719f0) 
thrown [s\src\hotspot\share\prims\jni.cpp, line 520]
Event: 1036.175 Thread 0x0000021e4901f5b0 Exception <a 'sun/nio/fs/WindowsException'{0x000000008fe79370}> (0x000000008fe79370) 
thrown [s\src\hotspot\share\prims\jni.cpp, line 520]
Event: 1152.718 Thread 0x0000021e48762af0 Exception <a 'sun/nio/fs/WindowsException'{0x000000008f5046c0}> (0x000000008f5046c0) 
thrown [s\src\hotspot\share\prims\jni.cpp, line 520]
Event: 1152.718 Thread 0x0000021e48762af0 Exception <a 'sun/nio/fs/WindowsException'{0x000000008f505a98}> (0x000000008f505a98) 
thrown [s\src\hotspot\share\prims\jni.cpp, line 520]
Event: 1152.719 Thread 0x0000021e48762af0 Exception <a 'sun/nio/fs/WindowsException'{0x000000008f506e60}> (0x000000008f506e60) 
thrown [s\src\hotspot\share\prims\jni.cpp, line 520]
Event: 1152.719 Thread 0x0000021e48762af0 Exception <a 'sun/nio/fs/WindowsException'{0x000000008f507e88}> (0x000000008f507e88) 
thrown [s\src\hotspot\share\prims\jni.cpp, line 520]
Event: 1152.765 Thread 0x0000021e48762af0 Exception <a 'sun/nio/fs/WindowsException'{0x000000008ea988a8}> (0x000000008ea988a8) 
thrown [s\src\hotspot\share\prims\jni.cpp, line 520]
Event: 1152.766 Thread 0x0000021e48762af0 Exception <a 'sun/nio/fs/WindowsException'{0x000000008ea99e48}> (0x000000008ea99e48) 
thrown [s\src\hotspot\share\prims\jni.cpp, line 520]
Event: 1152.766 Thread 0x0000021e48762af0 Exception <a 'sun/nio/fs/WindowsException'{0x000000008ea9bff8}> (0x000000008ea9bff8) 
thrown [s\src\hotspot\share\prims\jni.cpp, line 520]
Event: 1152.990 Thread 0x0000021e48762af0 Exception <a 'sun/nio/fs/WindowsException'{0x000000008d4298c0}> (0x000000008d4298c0) 
thrown [s\src\hotspot\share\prims\jni.cpp, line 520]
Event: 1152.993 Thread 0x0000021e48762af0 Exception <a 'java/io/FileNotFoundException'{0x000000008d42ca98}> (0x000000008d42ca98) 
thrown [s\src\hotspot\share\prims\jni.cpp, line 520]
Event: 1153.034 Thread 0x0000021e48762af0 Exception <a 'java/lang/NoSuchMethodError'{0x000000008d3c1c98}: 'java.lang.Object java.lang.invoke.DirectMethodHandle$Holder.invokeStaticInit(java.lang.Object, int)'> (0x000000008d3c1c98) 
thrown [s\src\hotspot\share\interpreter\linkResolver.cpp, line 773]

ZGC Phase Switch (0 events):
No events

VM Operations (20 events):
Event: 1034.843 Executing VM operation: Cleanup done
Event: 1035.011 Executing VM operation: G1CollectForAllocation (G1 Evacuation Pause)
Event: 1035.028 Executing VM operation: G1CollectForAllocation (G1 Evacuation Pause) done
Event: 1035.262 Executing VM operation: G1PauseRemark
Event: 1035.303 Executing VM operation: G1PauseRemark done
Event: 1035.415 Executing VM operation: G1PauseCleanup
Event: 1035.416 Executing VM operation: G1PauseCleanup done
Event: 1037.416 Executing VM operation: Cleanup
Event: 1037.416 Executing VM operation: Cleanup done
Event: 1059.427 Executing VM operation: Cleanup
Event: 1059.427 Executing VM operation: Cleanup done
Event: 1082.474 Executing VM operation: HandshakeAllThreads (HandshakeForDeflation)
Event: 1082.474 Executing VM operation: HandshakeAllThreads (HandshakeForDeflation) done
Event: 1082.474 Executing VM operation: RendezvousGCThreads
Event: 1082.474 Executing VM operation: RendezvousGCThreads done
Event: 1153.092 Executing VM operation: HandshakeAllThreads (Deoptimize)
Event: 1153.092 Executing VM operation: HandshakeAllThreads (Deoptimize) done
Event: 1153.092 Executing VM operation: Cleanup
Event: 1153.092 Executing VM operation: Cleanup done
Event: 1153.158 Executing VM operation: G1CollectForAllocation (G1 Evacuation Pause)

Memory protections (0 events):
No events

Nmethod flushes (20 events):
Event: 1035.301 Thread 0x0000021e7593e520 flushing  nmethod 0x0000021e63607590
Event: 1035.301 Thread 0x0000021e7593e520 flushing  nmethod 0x0000021e63607c10
Event: 1035.301 Thread 0x0000021e7593e520 flushing  nmethod 0x0000021e63608510
Event: 1035.301 Thread 0x0000021e7593e520 flushing  nmethod 0x0000021e63609290
Event: 1035.301 Thread 0x0000021e7593e520 flushing  nmethod 0x0000021e639b7d10
Event: 1035.301 Thread 0x0000021e7593e520 flushing  nmethod 0x0000021e639b8110
Event: 1035.301 Thread 0x0000021e7593e520 flushing  nmethod 0x0000021e639b9090
Event: 1035.301 Thread 0x0000021e7593e520 flushing  nmethod 0x0000021e639e2d10
Event: 1035.301 Thread 0x0000021e7593e520 flushing  nmethod 0x0000021e63b3bd90
Event: 1035.301 Thread 0x0000021e7593e520 flushing  nmethod 0x0000021e63b3ce90
Event: 1035.301 Thread 0x0000021e7593e520 flushing  nmethod 0x0000021e63b3d210
Event: 1035.301 Thread 0x0000021e7593e520 flushing  nmethod 0x0000021e63dbcd10
Event: 1035.301 Thread 0x0000021e7593e520 flushing  nmethod 0x0000021e63dbd790
Event: 1035.301 Thread 0x0000021e7593e520 flushing  nmethod 0x0000021e63dbf610
Event: 1035.301 Thread 0x0000021e7593e520 flushing  nmethod 0x0000021e63dc0990
Event: 1035.301 Thread 0x0000021e7593e520 flushing  nmethod 0x0000021e63dc6e10
Event: 1035.301 Thread 0x0000021e7593e520 flushing  nmethod 0x0000021e63dc9390
Event: 1035.301 Thread 0x0000021e7593e520 flushing  nmethod 0x0000021e63dca890
Event: 1035.301 Thread 0x0000021e7593e520 flushing  nmethod 0x0000021e63dcca90
Event: 1035.301 Thread 0x0000021e7593e520 flushing  nmethod 0x0000021e63dcd390

Events (20 events):
Event: 1152.568 Thread 0x0000021e48766c90 Thread added: 0x0000021e48765f70
Event: 1152.661 Thread 0x0000021e48766c90 Thread added: 0x0000021e48763ea0
Event: 1152.665 Thread 0x0000021e48766c90 Thread added: 0x0000021e48762af0
Event: 1152.670 Thread 0x0000021e48762af0 Thread added: 0x0000021e48763180
Event: 1152.671 Thread 0x0000021e48762af0 Thread added: 0x0000021e48764530
Event: 1152.672 Thread 0x0000021e48762af0 Thread added: 0x0000021e48762460
Event: 1152.683 Thread 0x0000021e48762af0 Thread added: 0x0000021e48767320
Event: 1152.686 Thread 0x0000021e48762af0 Thread added: 0x0000021e48764bc0
Event: 1152.705 Thread 0x0000021e48762af0 Thread added: 0x0000021e487679b0
Event: 1152.709 Thread 0x0000021e48762af0 Thread added: 0x0000021e48761dd0
Event: 1152.712 Thread 0x0000021e48762af0 Thread added: 0x0000021e48765250
Event: 1152.773 Thread 0x0000021e75989010 Thread added: 0x0000021e7e7cf1e0
Event: 1152.932 Thread 0x0000021e48762af0 Thread added: 0x0000021e48768040
Event: 1152.932 Thread 0x0000021e48762af0 Thread added: 0x0000021e487610b0
Event: 1152.932 Thread 0x0000021e48762af0 Thread added: 0x0000021e4876dc20
Event: 1152.932 Thread 0x0000021e48762af0 Thread added: 0x0000021e4876a7a0
Event: 1152.932 Thread 0x0000021e48762af0 Thread added: 0x0000021e4876ae30
Event: 1152.933 Thread 0x0000021e48762af0 Thread added: 0x0000021e4876e940
Event: 1152.933 Thread 0x0000021e48762af0 Thread added: 0x0000021e4876f660
Event: 1152.972 Thread 0x0000021e48762af0 Thread added: 0x0000021e4876b4c0


Dynamic libraries:
0x00007ff63ea40000 - 0x00007ff63ea4e000 	C:\Program Files\Eclipse Adoptium\jdk-21.0.4.7-hotspot\bin\java.exe
0x00007ffcb9db0000 - 0x00007ffcb9fa8000 	C:\Windows\SYSTEM32\ntdll.dll
0x00007ffcb9b90000 - 0x00007ffcb9c52000 	C:\Windows\System32\KERNEL32.DLL
0x00007ffcb7640000 - 0x00007ffcb7936000 	C:\Windows\System32\KERNELBASE.dll
0x00007ffcb7970000 - 0x00007ffcb7a70000 	C:\Windows\System32\ucrtbase.dll
0x00007ffca2440000 - 0x00007ffca245b000 	C:\Program Files\Eclipse Adoptium\jdk-21.0.4.7-hotspot\bin\VCRUNTIME140.dll
0x00007ffca2ec0000 - 0x00007ffca2ed8000 	C:\Program Files\Eclipse Adoptium\jdk-21.0.4.7-hotspot\bin\jli.dll
0x00007ffcb9410000 - 0x00007ffcb95b1000 	C:\Windows\System32\USER32.dll
0x00007ffcb6770000 - 0x00007ffcb6a0b000 	C:\Windows\WinSxS\amd64_microsoft.windows.common-controls_6595b64144ccf1df_6.0.19041.6456_none_60b8a6cb71f64256\COMCTL32.dll
0x00007ffcb7a70000 - 0x00007ffcb7a92000 	C:\Windows\System32\win32u.dll
0x00007ffcb8940000 - 0x00007ffcb89de000 	C:\Windows\System32\msvcrt.dll
0x00007ffcb91d0000 - 0x00007ffcb91fb000 	C:\Windows\System32\GDI32.dll
0x00007ffcb7520000 - 0x00007ffcb7639000 	C:\Windows\System32\gdi32full.dll
0x00007ffcb7c00000 - 0x00007ffcb7c9d000 	C:\Windows\System32\msvcp_win.dll
0x00007ffcb9200000 - 0x00007ffcb922f000 	C:\Windows\System32\IMM32.DLL
0x00007ffca38c0000 - 0x00007ffca38cc000 	C:\Program Files\Eclipse Adoptium\jdk-21.0.4.7-hotspot\bin\vcruntime140_1.dll
0x00007ffca2370000 - 0x00007ffca23fe000 	C:\Program Files\Eclipse Adoptium\jdk-21.0.4.7-hotspot\bin\msvcp140.dll
0x00007ffc305c0000 - 0x00007ffc31348000 	C:\Program Files\Eclipse Adoptium\jdk-21.0.4.7-hotspot\bin\server\jvm.dll
0x00007ffcb9230000 - 0x00007ffcb92e1000 	C:\Windows\System32\ADVAPI32.dll
0x00007ffcb8840000 - 0x00007ffcb88df000 	C:\Windows\System32\sechost.dll
0x00007ffcb92f0000 - 0x00007ffcb9410000 	C:\Windows\System32\RPCRT4.dll
0x00007ffcb7940000 - 0x00007ffcb7967000 	C:\Windows\System32\bcrypt.dll
0x00007ffcb8eb0000 - 0x00007ffcb8f1b000 	C:\Windows\System32\WS2_32.dll
0x00007ffcb7270000 - 0x00007ffcb72bb000 	C:\Windows\SYSTEM32\POWRPROF.dll
0x00007ffcaa2f0000 - 0x00007ffcaa317000 	C:\Windows\SYSTEM32\WINMM.dll
0x00007ffcae5a0000 - 0x00007ffcae5aa000 	C:\Windows\SYSTEM32\VERSION.dll
0x00007ffcb7250000 - 0x00007ffcb7262000 	C:\Windows\SYSTEM32\UMPDC.dll
0x00007ffcb5590000 - 0x00007ffcb55a2000 	C:\Windows\SYSTEM32\kernel.appcore.dll
0x00007ffca3640000 - 0x00007ffca364a000 	C:\Program Files\Eclipse Adoptium\jdk-21.0.4.7-hotspot\bin\jimage.dll
0x00007ffcb6ce0000 - 0x00007ffcb6ee1000 	C:\Windows\SYSTEM32\DBGHELP.DLL
0x00007ffcb6c00000 - 0x00007ffcb6c34000 	C:\Windows\SYSTEM32\dbgcore.DLL
0x00007ffcb7410000 - 0x00007ffcb7492000 	C:\Windows\System32\bcryptPrimitives.dll
0x00007ffc963d0000 - 0x00007ffc963df000 	C:\Program Files\Eclipse Adoptium\jdk-21.0.4.7-hotspot\bin\instrument.dll
0x00007ffca2420000 - 0x00007ffca243f000 	C:\Program Files\Eclipse Adoptium\jdk-21.0.4.7-hotspot\bin\java.dll
0x00007ffcb7da0000 - 0x00007ffcb8510000 	C:\Windows\System32\SHELL32.dll
0x00007ffcb4a20000 - 0x00007ffcb51c5000 	C:\Windows\SYSTEM32\windows.storage.dll
0x00007ffcb95c0000 - 0x00007ffcb9914000 	C:\Windows\System32\combase.dll
0x00007ffcb64a0000 - 0x00007ffcb64cb000 	C:\Windows\SYSTEM32\Wldp.dll
0x00007ffcb8530000 - 0x00007ffcb85fd000 	C:\Windows\System32\OLEAUT32.dll
0x00007ffcb8600000 - 0x00007ffcb86ad000 	C:\Windows\System32\SHCORE.dll
0x00007ffcb86b0000 - 0x00007ffcb870b000 	C:\Windows\System32\shlwapi.dll
0x00007ffcb7340000 - 0x00007ffcb7364000 	C:\Windows\SYSTEM32\profapi.dll
0x00007ffc33420000 - 0x00007ffc334f7000 	C:\Program Files\Eclipse Adoptium\jdk-21.0.4.7-hotspot\bin\jsvml.dll
0x00007ffca0d70000 - 0x00007ffca0d88000 	C:\Program Files\Eclipse Adoptium\jdk-21.0.4.7-hotspot\bin\zip.dll
0x00007ffca2eb0000 - 0x00007ffca2ec0000 	C:\Program Files\Eclipse Adoptium\jdk-21.0.4.7-hotspot\bin\net.dll
0x00007ffcaf2b0000 - 0x00007ffcaf3ba000 	C:\Windows\SYSTEM32\WINHTTP.dll
0x00007ffcb6530000 - 0x00007ffcb659a000 	C:\Windows\system32\mswsock.dll
0x00007ffca1920000 - 0x00007ffca1936000 	C:\Program Files\Eclipse Adoptium\jdk-21.0.4.7-hotspot\bin\nio.dll
0x00007ffca1200000 - 0x00007ffca1210000 	C:\Program Files\Eclipse Adoptium\jdk-21.0.4.7-hotspot\bin\verify.dll
0x00007ffca4770000 - 0x00007ffca4797000 	I:\Allmusic\native\660c5614fbf4a5f2a75b1949f50a0caf5cd603558e7d8a26e50b933a0cfb79d1\windows-amd64\native-platform.dll
0x00007ffc33500000 - 0x00007ffc33577000 	I:\Allmusic\native\0.2.8\x86_64-windows-gnu\gradle-fileevents.dll
0x00007ffca1ec0000 - 0x00007ffca1eca000 	C:\Program Files\Eclipse Adoptium\jdk-21.0.4.7-hotspot\bin\management.dll
0x00007ffca1c80000 - 0x00007ffca1c8b000 	C:\Program Files\Eclipse Adoptium\jdk-21.0.4.7-hotspot\bin\management_ext.dll
0x00007ffcb9920000 - 0x00007ffcb9928000 	C:\Windows\System32\PSAPI.DLL
0x00007ffcb60a0000 - 0x00007ffcb60db000 	C:\Windows\SYSTEM32\IPHLPAPI.DLL
0x00007ffcb9930000 - 0x00007ffcb9938000 	C:\Windows\System32\NSI.dll
0x00007ffc963e0000 - 0x00007ffc963e9000 	C:\Program Files\Eclipse Adoptium\jdk-21.0.4.7-hotspot\bin\extnet.dll
0x00007ffcb70a0000 - 0x00007ffcb70b8000 	C:\Windows\SYSTEM32\CRYPTSP.dll
0x00007ffcb5d40000 - 0x00007ffcb5d78000 	C:\Windows\system32\rsaenh.dll
0x00007ffcb72c0000 - 0x00007ffcb72ee000 	C:\Windows\SYSTEM32\USERENV.dll
0x00007ffcb65d0000 - 0x00007ffcb65dc000 	C:\Windows\SYSTEM32\CRYPTBASE.dll
0x00007ffc963c0000 - 0x00007ffc963ce000 	C:\Program Files\Eclipse Adoptium\jdk-21.0.4.7-hotspot\bin\sunmscapi.dll
0x00007ffcb7aa0000 - 0x00007ffcb7bfd000 	C:\Windows\System32\CRYPT32.dll
0x00007ffcb65a0000 - 0x00007ffcb65c7000 	C:\Windows\SYSTEM32\ncrypt.dll
0x00007ffcb64d0000 - 0x00007ffcb650b000 	C:\Windows\SYSTEM32\NTASN1.dll
0x00007ffca62f0000 - 0x00007ffca62f7000 	C:\Windows\system32\wshunix.dll
0x00007ffcb7060000 - 0x00007ffcb7093000 	C:\Windows\SYSTEM32\ntmarta.dll
0x00007ffcb1cd0000 - 0x00007ffcb1cd7000 	C:\Program Files\Eclipse Adoptium\jdk-21.0.4.7-hotspot\bin\rmi.dll

dbghelp: loaded successfully - version: 4.0.5 - missing functions: none
symbol engine: initialized successfully - sym options: 0x614 - pdb path: .;C:\Program Files\Eclipse Adoptium\jdk-21.0.4.7-hotspot\bin;C:\Windows\SYSTEM32;C:\Windows\WinSxS\amd64_microsoft.windows.common-controls_6595b64144ccf1df_6.0.19041.6456_none_60b8a6cb71f64256;C:\Program Files\Eclipse Adoptium\jdk-21.0.4.7-hotspot\bin\server;I:\Allmusic\native\660c5614fbf4a5f2a75b1949f50a0caf5cd603558e7d8a26e50b933a0cfb79d1\windows-amd64;I:\Allmusic\native\0.2.8\x86_64-windows-gnu

VM Arguments:
jvm_args: --add-opens=java.base/java.lang=ALL-UNNAMED --add-opens=java.base/java.lang.invoke=ALL-UNNAMED --add-opens=java.base/java.util=ALL-UNNAMED --add-opens=java.prefs/java.util.prefs=ALL-UNNAMED --add-exports=jdk.compiler/com.sun.tools.javac.api=ALL-UNNAMED --add-exports=jdk.compiler/com.sun.tools.javac.util=ALL-UNNAMED --add-opens=java.base/java.nio.charset=ALL-UNNAMED --add-opens=java.base/java.net=ALL-UNNAMED --add-opens=java.base/java.util.concurrent=ALL-UNNAMED --add-opens=java.base/java.util.concurrent.atomic=ALL-UNNAMED --add-opens=java.xml/javax.xml.namespace=ALL-UNNAMED --add-opens=java.base/java.time=ALL-UNNAMED -Xmx2048m -Dfile.encoding=UTF-8 -Duser.country=CN -Duser.language=zh -Duser.variant -javaagent:I:\Allmusic\wrapper\dists\gradle-9.5.0-bin\bvnork1r7n8i6kp5cnkibsc9q\gradle-9.5.0\lib\agents\gradle-instrumentation-agent-9.5.0.jar 
java_command: org.gradle.launcher.daemon.bootstrap.GradleDaemon 9.5.0
java_class_path (initial): I:\Allmusic\wrapper\dists\gradle-9.5.0-bin\bvnork1r7n8i6kp5cnkibsc9q\gradle-9.5.0\lib\gradle-daemon-main-9.5.0.jar
Launcher Type: SUN_STANDARD

[Global flags]
     intx CICompilerCount                          = 4                                         {product} {ergonomic}
     uint ConcGCThreads                            = 2                                         {product} {ergonomic}
     uint G1ConcRefinementThreads                  = 8                                         {product} {ergonomic}
   size_t G1HeapRegionSize                         = 1048576                                   {product} {ergonomic}
    uintx GCDrainStackTargetSize                   = 64                                        {product} {ergonomic}
   size_t InitialHeapSize                          = 266338304                                 {product} {ergonomic}
   size_t MarkStackSize                            = 4194304                                   {product} {ergonomic}
   size_t MaxHeapSize                              = 2147483648                                {product} {command line}
   size_t MaxNewSize                               = 1287651328                                {product} {ergonomic}
   size_t MinHeapDeltaBytes                        = 1048576                                   {product} {ergonomic}
   size_t MinHeapSize                              = 8388608                                   {product} {ergonomic}
    uintx NonNMethodCodeHeapSize                   = 5839372                                {pd product} {ergonomic}
    uintx NonProfiledCodeHeapSize                  = 122909434                              {pd product} {ergonomic}
    uintx ProfiledCodeHeapSize                     = 122909434                              {pd product} {ergonomic}
    uintx ReservedCodeCacheSize                    = 251658240                              {pd product} {ergonomic}
     bool SegmentedCodeCache                       = true                                      {product} {ergonomic}
   size_t SoftMaxHeapSize                          = 2147483648                             {manageable} {ergonomic}
     bool UseCompressedOops                        = true                           {product lp64_product} {ergonomic}
     bool UseG1GC                                  = true                                      {product} {ergonomic}
     bool UseLargePagesIndividualAllocation        = false                                  {pd product} {ergonomic}

Logging:
Log output configuration:
 #0: stdout all=warning uptime,level,tags foldmultilines=false
 #1: stderr all=off uptime,level,tags foldmultilines=false

Environment Variables:
JAVA_HOME=C:\Program Files\Eclipse Adoptium\jdk-21.0.4.7-hotspot\
PATH=C:\Users\Fluttershy\.cache\codex-runtimes\codex-primary-runtime\dependencies\native\powershell;C:\Users\Fluttershy\.codex\tmp\arg0\codex-arg0r1Zc3S;C:\Users\Fluttershy\.cache\codex-runtimes\codex-primary-runtime\dependencies\bin\override;H:\app\ImageMagick-7.1.2-Q16-HDRI;C:\Program Files (x86)\Common Files\Intel\Shared Libraries\redist\intel64\compiler;C:\Program Files\Common Files\Oracle\Java\javapath;C:\Program Files\Eclipse Adoptium\jdk-21.0.4.7-hotspot\bin;C:\Program Files\Eclipse Adoptium\jdk-22.0.2.9-hotspot\bin;C:\Program Files (x86)\VMware\VMware Workstation\bin\;C:\Program Files (x86)\Common Files\Oracle\Java\javapath;C:\Program Files\Microsoft\jdk-17.0.8.101-hotspot\bin;C:\Windows\system32;C:\Windows;C:\Windows\System32\Wbem;C:\Windows\System32\WindowsPowerShell\v1.0\;C:\Windows\System32\OpenSSH\;C:\Program Files (x86)\NVIDIA Corporation\PhysX\Common;C:\Program Files\dotnet\;C:\Program Files\Common Files\Autodesk Shared\;C:\Program Files (x86)\Autodesk\Backburner\;C:\xampp\php;C:\Users\Fluttershy\Downloads\PSTools;C:\Users\Fluttershy\Downloads\frp_0.63.0_windows_amd64;C:\Program Files\Java\jdk-21\bin;C:\Program Files\Git\cmd;G:\aria2;C:\Program Files (x86)\Windows Kits\10\Windows Performance Toolkit\;C:\Program Files\Cloudflare\Cloudflare WARP\;C:\Program Files (x86)\cloudflared\;C:\Windows\System32\WindowsPowerShell\v1.0\;C:\Windows\System32\OpenSSH\;I:\APP\ffmpeg-8.0.1-full_build\bin;C:\Program Files (x86)\NoteBook FanControl\;F:\APP\CMake\bin;F:\APP\nodejs\;C:\Program Files\Docker\Docker\resources\bin;I:\flutter\bin;C:\Users\Fluttershy\.cargo\bin;I:\APPMySQL\MySQL Shell 8.0\bin\;F:\Downloads;C:\Users\Fluttershy\AppData\Local\Programs\Python\Python310\Scripts\;C:\Users\Fluttershy\AppData\Local\Programs\Python\Python310\;C:\Users\Fluttershy\AppData\Local\Programs\Python\Launcher\;C:\Users\Fluttershy\.cache\codex-runtimes\codex-primary-runtime\dependencies\native\powershell;C:\Users\Fluttershy\AppData\Local\Microsoft\WindowsApps;C:\Users\Fluttershy\Documents\ADB;C:\Program Files\Eclipse Adoptium\jdk-21.0.4.7-hotspot\\bin;C:\Program Files\Eclipse Adoptium\jdk-21.0.4.7-hotspot\\jre\bin;C:\Program Files\OpenSSL-Win64\bin;C:\Program Files\cpolar\;I:\aria2-1.37.0-win-64bit-build1\;I:\APP\Microsoft VS Code\bin;C:\Users\Fluttershy\AppData\Local\Programs\Ollama;C:\Users\Fluttershy\Documents\apktool;C:\Program Files (x86)\Nmap;C:\Users\Fluttershy\Downloads\gradle-9.2.0-bin.zip\gradle-9.2.0\bin;I:\APP\JetBrains\IntelliJ IDEA Community Edition 2025.2.5\bin;I:\APP\Ollama;F:\APP\MounRiver_Studio\toolchain\OpenOCD\bin;F:\Downloads\ch32fun-master\minichlink;C:\Users\Fluttershy\AppData\Roaming\npm;C:\Users\Fluttershy\.cache\codex-runtimes\codex-primary-runtime\dependencies\bin\fallback;C:\Users\Fluttershy\.cache\codex-runtimes\codex-primary-runtime\dependencies\native\git\cmd;C:\Program Files\WindowsApps\OpenAI.Codex_26.810.7004.0_x64__2p2nqsd0c76g0\app\resources
USERNAME=Fluttershy
LANG=C.UTF-8
LC_ALL=C.UTF-8
LC_CTYPE=C.UTF-8
TERM=dumb
OS=Windows_NT
PROCESSOR_IDENTIFIER=Intel64 Family 6 Model 58 Stepping 9, GenuineIntel
TMP=I:\ITEMP
TEMP=I:\ITEMP




Periodic native trim disabled

---------------  S Y S T E M  ---------------

OS:
 Windows 10 , 64 bit Build 19041 (10.0.19041.5915)
OS uptime: 0 days 18:00 hours
Hyper-V role detected

CPU: total 8 (initial active 8) (4 cores per cpu, 2 threads per core) family 6 model 58 stepping 9 microcode 0x21, cx8, cmov, fxsr, ht, mmx, sse, sse2, sse3, ssse3, sse4.1, sse4.2, popcnt, tsc, tscinvbit, avx, aes, erms, clmul, vzeroupper, clflush, hv, rdtscp, f16c
Processor Information for all 8 processors :
  Max Mhz: 2201, Current Mhz: 2201, Mhz Limit: 2201

Memory: 4k page, system-wide physical 16222M (1553M free)
TotalPageFile size 24608M (AvailPageFile size 3592M)
current process WorkingSet (physical memory assigned to process): 801M, peak: 834M
current process commit charge ("private bytes"): 841M, peak: 876M

vm_info: OpenJDK 64-Bit Server VM (21.0.4+7-LTS) for windows-amd64 JRE (21.0.4+7-LTS), built on 2024-07-16T00:00:00Z by "admin" with MS VC++ 17.7 (VS2022)

END.
